PassengerId,Survived,Sex,Pclass,Name,Age,Titre,Last_name,First_name,SibSp,Parch,Fare,group,Deck,Cabin,Embarked
0,0,male,3,"Braund, Mr. Owen Harris",22.0,Mr,Braund,Owen Harris,1,0,7.25,1,G,,S
1,0,male,3,"Coxon, Mr. Daniel",59.0,Mr,Coxon,Daniel,0,0,7.25,0,G,,S
2,0,male,3,"Perkin, Mr. John Henry",22.0,Mr,Perkin,John Henry,0,0,7.25,0,G,,S
3,0,male,3,"Lovell, Mr. John Hall (""Henry"")",20.5,Mr,Lovell,"John Hall (""Henry"")",0,0,7.25,0,G,,S
4,0,male,3,"Reed, Mr. James George",29.0,Mr,Reed,James George,0,0,7.25,0,G,,S
5,0,male,3,"Dennis, Mr. Samuel",22.0,Mr,Dennis,Samuel,0,0,7.25,0,G,,S
6,0,male,3,"Adahl, Mr. Mauritz Nils Martin",30.0,Mr,Adahl,Mauritz Nils Martin,0,0,7.25,0,G,,S
7,0,male,3,"Wiseman, Mr. Phillippe",29.0,Mr,Wiseman,Phillippe,0,0,7.25,0,G,,S
8,0,male,3,"Keefe, Mr. Arthur",29.0,Mr,Keefe,Arthur,0,0,7.25,0,G,,S
9,0,male,3,"Windelov, Mr. Einar",21.0,Mr,Windelov,Einar,0,0,7.25,0,G,,S
10,0,male,3,"Elsbury, Mr. William James",47.0,Mr,Elsbury,William James,0,0,7.25,0,G,,S
11,0,male,3,"Harmer, Mr. Abraham (David Lishin)",25.0,Mr,Harmer,Abraham (David Lishin),0,0,7.25,0,G,,S
12,0,male,3,"Ekstrom, Mr. Johan",45.0,Mr,Ekstrom,Johan,0,0,6.975,0,G,,S
13,0,male,3,"Braund, Mr. Lewis Richard",29.0,Mr,Braund,Lewis Richard,1,0,7.0458,1,G,,S
14,0,male,3,"Lundahl, Mr. Johan Svensson",51.0,Mr,Lundahl,Johan Svensson,0,0,7.0542,0,G,,S
15,0,male,3,"Jensen, Mr. Svend Lauritz",17.0,Mr,Jensen,Svend Lauritz,1,0,7.0542,1,G,,S
16,0,male,3,"Olsen, Mr. Ole Martin",29.0,Mr,Olsen,Ole Martin,0,0,7.3125,0,G,,S
17,0,male,3,"Maenpaa, Mr. Matti Alexanteri",22.0,Mr,Maenpaa,Matti Alexanteri,0,0,7.125,0,G,,S
18,0,male,3,"Kallio, Mr. Nikolai Erland",17.0,Mr,Kallio,Nikolai Erland,0,0,7.125,0,G,,S
19,0,male,3,"Rintamaki, Mr. Matti",35.0,Mr,Rintamaki,Matti,0,0,7.125,0,G,,S
20,0,male,3,"Nirva, Mr. Iisakki Antino Aijo",41.0,Mr,Nirva,Iisakki Antino Aijo,0,0,7.125,0,G,,S
21,0,male,3,"Coleff, Mr. Satio",24.0,Mr,Coleff,Satio,0,0,7.4958,0,G,,S
22,0,male,3,"Coleff, Mr. Peju",36.0,Mr,Coleff,Peju,0,0,7.4958,0,G,,S
23,0,male,3,"Andreasson, Mr. Paul Edvin",20.0,Mr,Andreasson,Paul Edvin,0,0,7.8542,0,G,,S
24,0,male,3,"Olsson, Mr. Nils Johan Goransson",28.0,Mr,Olsson,Nils Johan Goransson,0,0,7.8542,0,G,,S
25,0,male,3,"Hansen, Mr. Henry Damsgaard",21.0,Mr,Hansen,Henry Damsgaard,0,0,7.8542,0,G,,S
26,0,male,3,"Jensen, Mr. Hans Peder",20.0,Mr,Jensen,Hans Peder,0,0,7.8542,0,G,,S
27,0,male,3,"Jensen, Mr. Niels Peder",48.0,Mr,Jensen,Niels Peder,0,0,7.8542,0,G,,S
28,0,male,3,"Augustsson, Mr. Albert",23.0,Mr,Augustsson,Albert,0,0,7.8542,0,G,,S
29,0,male,3,"Klasen, Mr. Klas Albin",18.0,Mr,Klasen,Klas Albin,1,1,7.8542,2,G,,S
30,0,male,3,"Hansen, Mr. Henrik Juul",26.0,Mr,Hansen,Henrik Juul,1,0,7.8542,1,G,,S
31,0,male,3,"Todoroff, Mr. Lalio",29.0,Mr,Todoroff,Lalio,0,0,7.8958,0,G,,S
32,0,male,3,"Staneff, Mr. Ivan",29.0,Mr,Staneff,Ivan,0,0,7.8958,0,G,,S
33,0,male,3,"Petroff, Mr. Pastcho (""Pentcho"")",29.0,Mr,Petroff,"Pastcho (""Pentcho"")",0,0,7.8958,0,G,,S
34,0,male,3,"Mionoff, Mr. Stoytcho",28.0,Mr,Mionoff,Stoytcho,0,0,7.8958,0,G,,S
35,0,male,3,"Rekic, Mr. Tido",38.0,Mr,Rekic,Tido,0,0,7.8958,0,G,,S
36,0,male,3,"Turcin, Mr. Stjepan",36.0,Mr,Turcin,Stjepan,0,0,7.8958,0,G,,S
37,0,male,3,"Nenkoff, Mr. Christo",29.0,Mr,Nenkoff,Christo,0,0,7.8958,0,G,,S
38,0,male,3,"Naidenoff, Mr. Penko",22.0,Mr,Naidenoff,Penko,0,0,7.8958,0,G,,S
39,0,male,3,"Mineff, Mr. Ivan",24.0,Mr,Mineff,Ivan,0,0,7.8958,0,G,,S
40,0,male,3,"Hendekovic, Mr. Ignjac",28.0,Mr,Hendekovic,Ignjac,0,0,7.8958,0,G,,S
41,0,male,3,"Danoff, Mr. Yoto",27.0,Mr,Danoff,Yoto,0,0,7.8958,0,G,,S
42,0,male,3,"Denkoff, Mr. Mitto",29.0,Mr,Denkoff,Mitto,0,0,7.8958,0,G,,S
43,0,male,3,"Plotcharsky, Mr. Vasil",29.0,Mr,Plotcharsky,Vasil,0,0,7.8958,0,G,,S
44,0,male,3,"Sdycoff, Mr. Todor",29.0,Mr,Sdycoff,Todor,0,0,7.8958,0,G,,S
45,0,male,3,"Pavlovic, Mr. Stefo",32.0,Mr,Pavlovic,Stefo,0,0,7.8958,0,G,,S
46,0,male,3,"Vovk, Mr. Janko",22.0,Mr,Vovk,Janko,0,0,7.8958,0,G,,S
47,0,male,3,"Sivic, Mr. Husein",40.0,Mr,Sivic,Husein,0,0,7.8958,0,G,,S
48,0,male,3,"Stoytcheff, Mr. Ilia",19.0,Mr,Stoytcheff,Ilia,0,0,7.8958,0,G,,S
49,0,male,3,"Slabenoff, Mr. Petco",29.0,Mr,Slabenoff,Petco,0,0,7.8958,0,G,,S
50,0,male,3,"Karaic, Mr. Milan",30.0,Mr,Karaic,Milan,0,0,7.8958,0,G,,S
51,0,male,3,"Bostandyeff, Mr. Guentcho",26.0,Mr,Bostandyeff,Guentcho,0,0,7.8958,0,G,,S
52,0,male,3,"Cor, Mr. Liudevit",19.0,Mr,Cor,Liudevit,0,0,7.8958,0,G,,S
53,0,male,3,"Mitkoff, Mr. Mito",29.0,Mr,Mitkoff,Mito,0,0,7.8958,0,G,,S
54,0,male,3,"Radeff, Mr. Alexander",29.0,Mr,Radeff,Alexander,0,0,7.8958,0,G,,S
55,0,male,3,"Ivanoff, Mr. Kanio",29.0,Mr,Ivanoff,Kanio,0,0,7.8958,0,G,,S
56,0,male,3,"Nankoff, Mr. Minko",29.0,Mr,Nankoff,Minko,0,0,7.8958,0,G,,S
57,0,male,3,"Jonkoff, Mr. Lalio",23.0,Mr,Jonkoff,Lalio,0,0,7.8958,0,G,,S
58,0,male,3,"Dantcheff, Mr. Ristiu",25.0,Mr,Dantcheff,Ristiu,0,0,7.8958,0,G,,S
59,0,male,3,"Balkic, Mr. Cerin",26.0,Mr,Balkic,Cerin,0,0,7.8958,0,G,,S
60,0,male,3,"Petroff, Mr. Nedelio",19.0,Mr,Petroff,Nedelio,0,0,7.8958,0,G,,S
61,0,male,3,"Laleff, Mr. Kristo",29.0,Mr,Laleff,Kristo,0,0,7.8958,0,G,,S
62,0,male,3,"Markun, Mr. Johann",33.0,Mr,Markun,Johann,0,0,7.8958,0,G,,S
63,0,male,3,"Zimmerman, Mr. Leo",29.0,Mr,Zimmerman,Leo,0,0,7.875,0,G,,S
64,0,male,3,"Johansson, Mr. Erik",22.0,Mr,Johansson,Erik,0,0,7.7958,0,G,,S
65,0,male,3,"Svensson, Mr. Olof",24.0,Mr,Svensson,Olof,0,0,7.7958,0,G,,S
66,0,male,3,"Fischer, Mr. Eberhard Thelander",18.0,Mr,Fischer,Eberhard Thelander,0,0,7.7958,0,G,,S
67,0,male,3,"Carlsson, Mr. August Sigfrid",28.0,Mr,Carlsson,August Sigfrid,0,0,7.7958,0,G,,S
68,0,male,3,"Bengtsson, Mr. John Viktor",26.0,Mr,Bengtsson,John Viktor,0,0,7.775,0,G,,S
69,0,male,3,"Larsson, Mr. Bengt Edvin",29.0,Mr,Larsson,Bengt Edvin,0,0,7.775,0,G,,S
70,0,male,3,"Gustafsson, Mr. Karl Gideon",19.0,Mr,Gustafsson,Karl Gideon,0,0,7.775,0,G,,S
71,0,male,3,"Birkeland, Mr. Hans Martin Monsen",21.0,Mr,Birkeland,Hans Martin Monsen,0,0,7.775,0,G,,S
72,0,male,3,"Rommetvedt, Mr. Knud Paust",29.0,Mr,Rommetvedt,Knud Paust,0,0,7.775,0,G,,S
73,0,male,3,"Edvardsson, Mr. Gustaf Hjalmar",18.0,Mr,Edvardsson,Gustaf Hjalmar,0,0,7.775,0,G,,S
74,0,male,3,"Johnson, Mr. Malkolm Joackim",33.0,Mr,Johnson,Malkolm Joackim,0,0,7.775,0,G,,S
75,0,male,3,"Eklund, Mr. Hans Linus",16.0,Mr,Eklund,Hans Linus,0,0,7.775,0,G,,S
76,0,male,3,"Johansson, Mr. Karl Johan",31.0,Mr,Johansson,Karl Johan,0,0,7.775,0,G,,S
77,0,male,3,"Svensson, Mr. Johan",74.0,Mr,Svensson,Johan,0,0,7.775,0,G,,S
78,0,male,3,"Petterson, Mr. Johan Emil",25.0,Mr,Petterson,Johan Emil,1,0,7.775,1,G,,S
79,0,male,3,"Crease, Mr. Ernest James",19.0,Mr,Crease,Ernest James,0,0,8.1583,0,G,,S
80,0,male,3,"Willey, Mr. Edward",29.0,Mr,Willey,Edward,0,0,7.55,0,G,,S
81,0,male,3,"Abbing, Mr. Anthony",42.0,Mr,Abbing,Anthony,0,0,7.55,0,G,,S
82,0,male,3,"Olsen, Mr. Karl Siegwart Andreas",42.0,Mr,Olsen,Karl Siegwart Andreas,0,1,8.4042,1,G,,S
83,0,male,3,"Kalvik, Mr. Johannes Halvorsen",21.0,Mr,Kalvik,Johannes Halvorsen,0,0,8.4333,0,G,,S
84,0,male,3,"Gronnestad, Mr. Daniel Danielsen",32.0,Mr,Gronnestad,Daniel Danielsen,0,0,8.3625,0,G,,S
85,0,male,3,"O'Brien, Mr. Timothy",34.0,Mr,O'Brien,Timothy,0,0,7.8292,0,G,,Q
86,0,male,3,"Sadlier, Mr. Matthew",34.0,Mr,Sadlier,Matthew,0,0,7.7292,0,G,,Q
87,0,male,3,"Charters, Mr. David",21.0,Mr,Charters,David,0,0,7.7333,0,G,,Q
88,0,male,3,"O'Connell, Mr. Patrick D",34.0,Mr,O'Connell,Patrick D,0,0,7.7333,0,G,,Q
89,0,male,3,"Kilgannon, Mr. Thomas J",34.0,Mr,Kilgannon,Thomas J,0,0,7.7375,0,G,,Q
90,0,male,3,"Dean, Mr. Bertram Frank",26.0,Mr,Dean,Bertram Frank,1,2,20.575,3,G,,S
91,0,male,3,"Andersson, Mr. Anders Johan",39.0,Mr,Andersson,Anders Johan,1,5,31.275,6,G,,S
92,0,male,3,"Vander Planke, Mr. Leo Edmondus",16.0,Mr,Vander Planke,Leo Edmondus,2,0,18.0,2,G,,S
93,0,male,3,"Arnold-Franchi, Mr. Josef",25.0,Mr,Arnold-Franchi,Josef,1,0,17.8,1,G,,S
94,0,male,3,"Emir, Mr. Farred Chehab",28.0,Mr,Emir,Farred Chehab,0,0,7.225,0,G,,C
95,0,male,3,"Youseff, Mr. Gerious",45.5,Mr,Youseff,Gerious,0,0,7.225,0,G,,C
96,0,male,3,"Attalah, Mr. Sleiman",30.0,Mr,Attalah,Sleiman,0,0,7.225,0,G,,C
97,0,male,3,"Yousif, Mr. Wazli",28.0,Mr,Yousif,Wazli,0,0,7.225,0,G,,C
98,0,male,3,"Lahoud, Mr. Sarkis",28.0,Mr,Lahoud,Sarkis,0,0,7.225,0,G,,C
99,0,male,3,"Boulos, Mr. Hanna",28.0,Mr,Boulos,Hanna,0,0,7.225,0,G,,C
100,0,male,3,"Badt, Mr. Mohamed",40.0,Mr,Badt,Mohamed,0,0,7.225,0,G,,C
101,0,male,3,"Saad, Mr. Khalil",25.0,Mr,Saad,Khalil,0,0,7.225,0,G,,C
102,0,male,3,"Elias, Mr. Dibo",28.0,Mr,Elias,Dibo,0,0,7.225,0,G,,C
103,0,male,3,"Novel, Mr. Mansouer",28.5,Mr,Novel,Mansouer,0,0,7.2292,0,G,,C
104,0,male,3,"Sirayanian, Mr. Orsen",22.0,Mr,Sirayanian,Orsen,0,0,7.2292,0,G,,C
105,0,male,3,"Hanna, Mr. Mansour",23.5,Mr,Hanna,Mansour,0,0,7.2292,0,G,,C
106,0,male,3,"Kassem, Mr. Fared",28.0,Mr,Kassem,Fared,0,0,7.2292,0,G,,C
107,0,male,3,"Toufik, Mr. Nakli",28.0,Mr,Toufik,Nakli,0,0,7.2292,0,G,,C
108,0,male,3,"Doharr, Mr. Tannous",28.0,Mr,Doharr,Tannous,0,0,7.2292,0,G,,C
109,0,male,3,"Ibrahim Shawah, Mr. Yousseff",30.0,Mr,Ibrahim Shawah,Yousseff,0,0,7.2292,0,G,,C
110,0,male,3,"Saad, Mr. Amin",28.0,Mr,Saad,Amin,0,0,7.2292,0,G,,C
111,0,male,3,"Razi, Mr. Raihed",28.0,Mr,Razi,Raihed,0,0,7.2292,0,G,,C
112,0,male,3,"Elias, Mr. Tannous",15.0,Mr,Elias,Tannous,1,1,7.2292,2,G,,C
113,0,male,3,"Elias, Mr. Joseph Jr",17.0,Mr,Elias,Joseph Jr,1,1,7.2292,2,G,,C
114,0,male,3,"Larsson, Mr. August Viktor",29.0,Mr,Larsson,August Viktor,0,0,9.4833,0,G,,S
115,0,male,3,"Kink, Mr. Vincenz",26.0,Mr,Kink,Vincenz,2,0,8.6625,2,G,,S
116,0,male,3,"Smiljanic, Mr. Mile",29.0,Mr,Smiljanic,Mile,0,0,8.6625,0,G,,S
117,0,male,3,"Calic, Mr. Jovo",17.0,Mr,Calic,Jovo,0,0,8.6625,0,G,,S
118,0,male,3,"Dimic, Mr. Jovan",42.0,Mr,Dimic,Jovan,0,0,8.6625,0,G,,S
119,0,male,3,"Cacic, Mr. Luka",38.0,Mr,Cacic,Luka,0,0,8.6625,0,G,,S
120,0,male,3,"Calic, Mr. Petar",17.0,Mr,Calic,Petar,0,0,8.6625,0,G,,S
121,0,male,3,"Oreskovic, Mr. Luka",20.0,Mr,Oreskovic,Luka,0,0,8.6625,0,G,,S
122,0,male,3,"Pasic, Mr. Jakob",21.0,Mr,Pasic,Jakob,0,0,8.6625,0,G,,S
123,0,male,3,"Culumovic, Mr. Jeso",17.0,Mr,Culumovic,Jeso,0,0,8.6625,0,G,,S
124,0,male,3,"Stankovic, Mr. Ivan",33.0,Mr,Stankovic,Ivan,0,0,8.6625,0,G,,C
125,0,male,3,"Johansson, Mr. Gustaf Joel",33.0,Mr,Johansson,Gustaf Joel,0,0,8.6542,0,G,,S
126,0,male,3,"Osen, Mr. Olaf Elon",16.0,Mr,Osen,Olaf Elon,0,0,9.2167,0,G,,S
127,0,male,3,"Berglund, Mr. Karl Ivar Sven",22.0,Mr,Berglund,Karl Ivar Sven,0,0,9.35,0,G,,S
128,0,male,3,"Lennon, Mr. Denis",32.0,Mr,Lennon,Denis,1,0,15.5,1,G,,Q
129,0,male,3,"O'Brien, Mr. Thomas",32.0,Mr,O'Brien,Thomas,1,0,15.5,1,G,,Q
130,0,male,3,"Bourke, Mr. John",40.0,Mr,Bourke,John,1,1,15.5,2,G,,Q
131,0,male,3,"McEvoy, Mr. Michael",34.0,Mr,McEvoy,Michael,0,0,15.5,0,G,,Q
132,0,male,3,"Panula, Mr. Ernesti Arvid",16.0,Mr,Panula,Ernesti Arvid,4,1,39.6875,5,G,,S
133,0,male,3,"Panula, Mr. Jaako Arnold",14.0,Mr,Panula,Jaako Arnold,4,1,39.6875,5,G,,S
134,0,male,3,"Goodwin, Mr. Charles Edward",14.0,Mr,Goodwin,Charles Edward,5,2,46.9,7,G,,S
135,0,male,3,"Skoog, Mr. Wilhelm",40.0,Mr,Skoog,Wilhelm,1,4,27.9,5,G,,S
136,0,male,3,"Chronopoulos, Mr. Apostolos",26.0,Mr,Chronopoulos,Apostolos,1,0,14.4542,1,G,,C
137,0,male,3,"Yasbeck, Mr. Antoni",27.0,Mr,Yasbeck,Antoni,1,0,14.4542,1,G,,C
138,0,male,3,"Gustafsson, Mr. Alfred Ossian",20.0,Mr,Gustafsson,Alfred Ossian,0,0,9.8458,0,G,,S
139,0,male,3,"Dakic, Mr. Branko",19.0,Mr,Dakic,Branko,0,0,10.1708,0,G,,S
140,0,male,3,"van Billiard, Mr. Austin Blyler",40.5,Mr,van Billiard,Austin Blyler,0,2,14.5,2,G,,S
141,0,male,3,"Risien, Mr. Samuel Beard",29.0,Mr,Risien,Samuel Beard,0,0,14.5,0,G,,S
142,0,male,3,"Patchett, Mr. George",19.0,Mr,Patchett,George,0,0,14.5,0,G,,S
143,0,male,3,"Garfirth, Mr. John",29.0,Mr,Garfirth,John,0,0,14.5,0,G,,S
144,0,male,3,"Hansen, Mr. Claus Peter",41.0,Mr,Hansen,Claus Peter,2,0,14.1083,2,G,,S
145,0,male,3,"Burke, Mr. Jeremiah",19.0,Mr,Burke,Jeremiah,0,0,6.75,0,G,,Q
146,0,male,3,"Flynn, Mr. John",34.0,Mr,Flynn,John,0,0,6.95,0,G,,Q
147,0,male,3,"Sage, Mr. Frederick",11.0,Mr,Sage,Frederick,8,2,69.55,10,G,,S
148,0,male,3,"Sage, Mr. George John Jr",11.0,Mr,Sage,George John Jr,8,2,69.55,10,G,,S
149,0,male,3,"Sage, Mr. Douglas Bullen",11.0,Mr,Sage,Douglas Bullen,8,2,69.55,10,G,,S
150,0,male,3,"Cribb, Mr. John Hatfield",44.0,Mr,Cribb,John Hatfield,0,1,16.1,1,G,,S
151,0,male,3,"Bowen, Mr. David John ""Dai""",21.0,Mr,Bowen,"David John ""Dai""",0,0,16.1,0,G,,S
152,0,male,3,"Williams, Mr. Leslie",28.5,Mr,Williams,Leslie,0,0,16.1,0,G,,S
153,0,male,3,"Lobb, Mr. William Arthur",30.0,Mr,Lobb,William Arthur,1,0,16.1,1,G,,S
154,0,male,3,"Thorneycroft, Mr. Percival",27.0,Mr,Thorneycroft,Percival,1,0,16.1,1,G,,S
155,0,male,3,"McNamee, Mr. Neal",24.0,Mr,McNamee,Neal,1,0,16.1,1,G,,S
156,0,male,3,"Backstrom, Mr. Karl Alfred",32.0,Mr,Backstrom,Karl Alfred,1,0,15.85,1,G,,S
157,0,male,3,"Hakkarainen, Mr. Pekka Pietari",28.0,Mr,Hakkarainen,Pekka Pietari,1,0,15.85,1,G,,S
158,0,male,3,"Lindell, Mr. Edvard Bengtsson",36.0,Mr,Lindell,Edvard Bengtsson,1,0,15.55,1,G,,S
159,0,male,3,"Ling, Mr. Lee",28.0,Mr,Ling,Lee,0,0,56.4958,0,G,,S
160,0,male,3,"Lam, Mr. Len",29.0,Mr,Lam,Len,0,0,56.4958,0,G,,S
161,0,male,3,"Leonard, Mr. Lionel",36.0,Mr,Leonard,Lionel,0,0,0.0,0,G,,S
162,0,male,3,"Johnson, Mr. William Cahoone Jr",19.0,Mr,Johnson,William Cahoone Jr,0,0,0.0,0,G,,S
163,0,male,3,"Johnson, Mr. Alfred",49.0,Mr,Johnson,Alfred,0,0,0.0,0,G,,S
164,0,male,3,"Holm, Mr. John Fredrik Alexander",43.0,Mr,Holm,John Fredrik Alexander,0,0,6.45,0,G,,S
165,0,male,3,"Abbott, Mr. Rossmore Edward",16.0,Mr,Abbott,Rossmore Edward,1,1,20.25,2,G,,S
166,0,male,3,"Hagland, Mr. Ingvald Olai Olsen",27.0,Mr,Hagland,Ingvald Olai Olsen,1,0,19.9667,1,G,,S
167,0,male,3,"Hagland, Mr. Konrad Mathias Reiersen",27.0,Mr,Hagland,Konrad Mathias Reiersen,1,0,19.9667,1,G,,S
168,0,male,3,"Davies, Mr. Alfred J",24.0,Mr,Davies,Alfred J,2,0,24.15,2,G,,S
169,0,male,3,"Van Impe, Mr. Jean Baptiste",36.0,Mr,Van Impe,Jean Baptiste,1,1,24.15,2,G,,S
170,0,male,3,"Lester, Mr. James",39.0,Mr,Lester,James,0,0,24.15,0,G,,S
171,0,male,3,"Ryan, Mr. Patrick",34.0,Mr,Ryan,Patrick,0,0,24.15,0,G,,Q
172,0,male,3,"Moran, Mr. Daniel J",32.0,Mr,Moran,Daniel J,1,0,24.15,1,G,,Q
173,0,male,3,"Johnston, Mr. Andrew G",26.0,Mr,Johnston,Andrew G,1,2,23.45,3,G,,S
174,0,male,3,"Hassan, Mr. Houssein G N",11.0,Mr,Hassan,Houssein G N,0,0,18.7875,0,G,,C
175,0,male,3,"Lemberopolous, Mr. Peter L",34.5,Mr,Lemberopolous,Peter L,0,0,6.4375,0,G,,C
176,0,male,3,"Coelho, Mr. Domingos Fernandeo",20.0,Mr,Coelho,Domingos Fernandeo,0,0,7.05,0,C,,S
177,0,male,3,"Ali, Mr. Ahmed",24.0,Mr,Ali,Ahmed,0,0,7.05,0,C,,S
178,0,male,3,"Asim, Mr. Adola",35.0,Mr,Asim,Adola,0,0,7.05,0,C,,S
179,0,male,3,"Goncalves, Mr. Manuel Estanslas",38.0,Mr,Goncalves,Manuel Estanslas,0,0,7.05,0,C,,S
180,0,male,3,"Jardin, Mr. Jose Neto",30.0,Mr,Jardin,Jose Neto,0,0,7.05,0,C,,S
181,0,male,3,"Ali, Mr. William",25.0,Mr,Ali,William,0,0,7.05,0,C,,S
182,0,male,3,"Sutehall, Mr. Henry Jr",25.0,Mr,Sutehall,Henry Jr,0,0,7.05,0,C,,S
183,0,male,3,"Allum, Mr. Owen George",18.0,Mr,Allum,Owen George,0,0,8.3,0,C,,S
184,0,male,3,"Scanlan, Mr. James",35.0,Mr,Scanlan,James,0,0,7.725,0,C,,Q
185,0,male,3,"Odahl, Mr. Nils Martin",23.0,Mr,Odahl,Nils Martin,0,0,9.225,0,C,,S
186,0,male,3,"Olsvigen, Mr. Thor Anderson",20.0,Mr,Olsvigen,Thor Anderson,0,0,9.225,0,C,,S
187,0,male,3,"Samaan, Mr. Youssef",24.0,Mr,Samaan,Youssef,2,0,21.6792,2,C,,C
188,0,male,3,"Olsen, Mr. Henry Margido",28.0,Mr,Olsen,Henry Margido,0,0,22.525,0,C,,S
189,0,male,3,"Karlsson, Mr. Nils August",22.0,Mr,Karlsson,Nils August,0,0,7.5208,0,A,,S
190,0,male,3,"Alexander, Mr. William",26.0,Mr,Alexander,William,0,0,7.8875,0,A,,S
191,0,male,3,"Widegren, Mr. Carl/Charles Peter",51.0,Mr,Widegren,Carl/Charles Peter,0,0,7.75,0,A,,S
192,0,male,3,"Myhrman, Mr. Pehr Fabian Oliver Malkolm",18.0,Mr,Myhrman,Pehr Fabian Oliver Malkolm,0,0,7.75,0,A,,S
193,0,male,3,"Hart, Mr. Henry",36.0,Mr,Hart,Henry,0,0,6.8583,0,A,,Q
194,0,male,3,"Paulner, Mr. Uscher",29.0,Mr,Paulner,Uscher,0,0,8.7125,0,A,,C
195,0,male,3,"Shellard, Mr. Frederick William",31.0,Mr,Shellard,Frederick William,0,0,15.1,0,A,,S
196,0,male,3,"Allen, Mr. William Henry",35.0,Mr,Allen,William Henry,0,0,8.05,0,B,,S
197,0,male,3,"Saundercock, Mr. William Henry",20.0,Mr,Saundercock,William Henry,0,0,8.05,0,B,,S
198,0,male,3,"Cann, Mr. Ernest Charles",21.0,Mr,Cann,Ernest Charles,0,0,8.05,0,B,,S
199,0,male,3,"Rogers, Mr. William John",30.0,Mr,Rogers,William John,0,0,8.05,0,B,,S
200,0,male,3,"Moutal, Mr. Rahamin Haim",30.0,Mr,Moutal,Rahamin Haim,0,0,8.05,0,B,,S
201,0,male,3,"Slocovski, Mr. Selman Francis",30.0,Mr,Slocovski,Selman Francis,0,0,8.05,0,B,,S
202,0,male,3,"Celotti, Mr. Francesco",24.0,Mr,Celotti,Francesco,0,0,8.05,0,B,,S
203,0,male,3,"Christmann, Mr. Emil",29.0,Mr,Christmann,Emil,0,0,8.05,0,B,,S
204,0,male,3,"Shorney, Mr. Charles Joseph",30.0,Mr,Shorney,Charles Joseph,0,0,8.05,0,B,,S
205,0,male,3,"Barton, Mr. David John",22.0,Mr,Barton,David John,0,0,8.05,0,B,,S
206,0,male,3,"Moore, Mr. Leonard Charles",30.0,Mr,Moore,Leonard Charles,0,0,8.05,0,B,,S
207,0,male,3,"Meo, Mr. Alfonzo",55.5,Mr,Meo,Alfonzo,0,0,8.05,0,B,,S
208,0,male,3,"Corn, Mr. Harry",30.0,Mr,Corn,Harry,0,0,8.05,0,B,,S
209,0,male,3,"Green, Mr. George Henry",51.0,Mr,Green,George Henry,0,0,8.05,0,B,,S
210,0,male,3,"Williams, Mr. Howard Hugh ""Harry""",30.0,Mr,Williams,"Howard Hugh ""Harry""",0,0,8.05,0,B,,S
211,0,male,3,"Beavan, Mr. William Thomas",19.0,Mr,Beavan,William Thomas,0,0,8.05,0,B,,S
212,0,male,3,"Adams, Mr. John",26.0,Mr,Adams,John,0,0,8.05,0,B,,S
213,0,male,3,"Peduzzi, Mr. Joseph",30.0,Mr,Peduzzi,Joseph,0,0,8.05,0,B,,S
214,0,male,3,"Morley, Mr. William",34.0,Mr,Morley,William,0,0,8.05,0,B,,S
215,0,male,3,"Maisner, Mr. Simon",30.0,Mr,Maisner,Simon,0,0,8.05,0,B,,S
216,0,male,3,"Rouse, Mr. Richard Henry",50.0,Mr,Rouse,Richard Henry,0,0,8.05,0,B,,S
217,0,male,3,"Somerton, Mr. Francis William",30.0,Mr,Somerton,Francis William,0,0,8.05,0,B,,S
218,0,male,3,"Stanley, Mr. Edward Roland",21.0,Mr,Stanley,Edward Roland,0,0,8.05,0,B,,S
219,0,male,3,"Webber, Mr. James",30.0,Mr,Webber,James,0,0,8.05,0,B,,S
220,0,male,3,"Simmons, Mr. John",30.0,Mr,Simmons,John,0,0,8.05,0,B,,S
221,0,male,3,"Rush, Mr. Alfred George John",16.0,Mr,Rush,Alfred George John,0,0,8.05,0,B,,S
222,0,male,3,"Gilinski, Mr. Eliezer",22.0,Mr,Gilinski,Eliezer,0,0,8.05,0,B,,S
223,0,male,3,"Murdlin, Mr. Joseph",30.0,Mr,Murdlin,Joseph,0,0,8.05,0,B,,S
224,0,male,3,"Torber, Mr. Ernst William",44.0,Mr,Torber,Ernst William,0,0,8.05,0,B,,S
225,0,male,3,"Brocklebank, Mr. William Alfred",35.0,Mr,Brocklebank,William Alfred,0,0,8.05,0,B,,S
226,0,male,3,"Cook, Mr. Jacob",43.0,Mr,Cook,Jacob,0,0,8.05,0,B,,S
227,0,male,3,"Sawyer, Mr. Frederick Charles",24.5,Mr,Sawyer,Frederick Charles,0,0,8.05,0,B,,S
228,0,male,3,"Kelly, Mr. James",44.0,Mr,Kelly,James,0,0,8.05,0,B,,S
229,0,male,3,"Theobald, Mr. Thomas Leonard",34.0,Mr,Theobald,Thomas Leonard,0,0,8.05,0,B,,S
230,0,male,3,"Tomlin, Mr. Ernest Portage",30.5,Mr,Tomlin,Ernest Portage,0,0,8.05,0,B,,S
231,0,male,3,"Sirota, Mr. Maurice",30.0,Mr,Sirota,Maurice,0,0,8.05,0,B,,S
232,0,male,3,"Gustafsson, Mr. Anders Vilhelm",37.0,Mr,Gustafsson,Anders Vilhelm,2,0,7.925,2,B,,S
233,0,male,3,"Gustafsson, Mr. Johan Birger",28.0,Mr,Gustafsson,Johan Birger,2,0,7.925,2,B,,S
234,0,male,3,"Pekoniemi, Mr. Edvard",21.0,Mr,Pekoniemi,Edvard,0,0,7.925,0,B,,S
235,0,male,3,"Sivola, Mr. Antti Wilhelm",21.0,Mr,Sivola,Antti Wilhelm,0,0,7.925,0,B,,S
236,0,male,3,"Tikkanen, Mr. Juho",32.0,Mr,Tikkanen,Juho,0,0,7.925,0,B,,S
237,0,male,3,"Salonen, Mr. Johan Werner",39.0,Mr,Salonen,Johan Werner,0,0,7.925,0,B,,S
238,0,male,3,"Leinonen, Mr. Antti Gustaf",32.0,Mr,Leinonen,Antti Gustaf,0,0,7.925,0,B,,S
239,0,male,3,"Alhomaki, Mr. Ilmari Rudolf",20.0,Mr,Alhomaki,Ilmari Rudolf,0,0,7.925,0,B,,S
240,0,male,3,"Yousseff, Mr. Gerious",29.0,Mr,Yousseff,Gerious,0,0,14.4583,0,B,,C
241,0,male,3,"Ford, Mr. William Neal",16.0,Mr,Ford,William Neal,1,3,34.375,4,B,,S
242,0,male,3,"Johanson, Mr. Jakob Alfred",34.0,Mr,Johanson,Jakob Alfred,0,0,6.4958,0,B,,S
243,0,male,3,"Wiklund, Mr. Jakob Alfred",18.0,Mr,Wiklund,Jakob Alfred,1,0,6.4958,1,B,,S
244,0,male,3,"Nosworthy, Mr. Richard Cater",21.0,Mr,Nosworthy,Richard Cater,0,0,7.8,0,E,,S
245,0,male,3,"Gallagher, Mr. Martin",25.0,Mr,Gallagher,Martin,0,0,7.7417,0,E,,Q
246,0,male,3,"Vande Walle, Mr. Nestor Cyriel",28.0,Mr,Vande Walle,Nestor Cyriel,0,0,9.5,0,E,,S
247,0,male,3,"de Pelsmaeker, Mr. Alfons",16.0,Mr,de Pelsmaeker,Alfons,0,0,9.5,0,E,,S
248,0,male,3,"Vanden Steen, Mr. Leo Peter",28.0,Mr,Vanden Steen,Leo Peter,0,0,9.5,0,E,,S
249,0,male,3,"Hampe, Mr. Leon",20.0,Mr,Hampe,Leon,0,0,9.5,0,E,,S
250,0,male,3,"Vande Velde, Mr. Johannes Joseph",33.0,Mr,Vande Velde,Johannes Joseph,0,0,9.5,0,E,,S
251,0,male,3,"Lievens, Mr. Rene Aime",24.0,Mr,Lievens,Rene Aime,0,0,9.5,0,E,,S
252,0,male,3,"van Melkebeke, Mr. Philemon",30.0,Mr,van Melkebeke,Philemon,0,0,9.5,0,E,,S
253,0,male,3,"Waelens, Mr. Achille",22.0,Mr,Waelens,Achille,0,0,9.0,0,E,,S
254,0,male,3,"Vander Cruyssen, Mr. Victor",47.0,Mr,Vander Cruyssen,Victor,0,0,9.0,0,E,,S
255,0,male,3,"Nysveen, Mr. Johan Hansen",61.0,Mr,Nysveen,Johan Hansen,0,0,6.2375,0,E,,S
256,0,male,3,"Rosblom, Mr. Viktor Richard",18.0,Mr,Rosblom,Viktor Richard,1,1,20.2125,2,E,,S
257,0,male,3,"Betros, Mr. Tannous",20.0,Mr,Betros,Tannous,0,0,4.0125,0,E,,C
258,0,male,3,"Moen, Mr. Sigurd Hansen",25.0,Mr,Moen,Sigurd Hansen,0,0,7.65,0,F,F G73,S
259,0,male,3,"Humblen, Mr. Adolf Mathias Nicolai Olsen",42.0,Mr,Humblen,Adolf Mathias Nicolai Olsen,0,0,7.65,0,F,F G63,S
260,0,male,3,"Soholt, Mr. Peter Andreas Lauritz Andersen",19.0,Mr,Soholt,Peter Andreas Lauritz Andersen,0,0,7.65,0,F,F G73,S
261,0,male,3,"Connors, Mr. Patrick",70.5,Mr,Connors,Patrick,0,0,7.75,0,F,,Q
262,0,male,3,"McMahon, Mr. Martin",36.0,Mr,McMahon,Martin,0,0,7.75,0,F,,Q
263,0,male,3,"Mernagh, Mr. Robert",36.0,Mr,Mernagh,Robert,0,0,7.75,0,F,,Q
264,0,male,3,"Smith, Mr. Thomas",36.0,Mr,Smith,Thomas,0,0,7.75,0,F,,Q
265,0,male,3,"Duane, Mr. Frank",65.0,Mr,Duane,Frank,0,0,7.75,0,F,,Q
266,0,male,3,"Flynn, Mr. James",36.0,Mr,Flynn,James,0,0,7.75,0,F,,Q
267,0,male,3,"O'Connor, Mr. Maurice",36.0,Mr,O'Connor,Maurice,0,0,7.75,0,F,,Q
268,0,male,3,"Farrell, Mr. James",40.5,Mr,Farrell,James,0,0,7.75,0,F,,Q
269,0,male,3,"Morrow, Mr. Thomas Rowan",36.0,Mr,Morrow,Thomas Rowan,0,0,7.75,0,F,,Q
270,0,male,3,"Horgan, Mr. John",36.0,Mr,Horgan,John,0,0,7.75,0,F,,Q
271,0,male,3,"Connaghton, Mr. Michael",31.0,Mr,Connaghton,Michael,0,0,7.75,0,F,,Q
272,0,male,3,"Tobin, Mr. Roger",36.0,Mr,Tobin,Roger,0,0,7.75,0,F,F38,Q
273,0,male,3,"Keane, Mr. Andrew ""Andy""",36.0,Mr,Keane,"Andrew ""Andy""",0,0,7.75,0,F,,Q
274,0,male,3,"Dooley, Mr. Patrick",32.0,Mr,Dooley,Patrick,0,0,7.75,0,F,,Q
275,0,male,3,"Kiernan, Mr. Philip",34.0,Mr,Kiernan,Philip,1,0,7.75,1,F,,Q
276,0,male,3,"Goldsmith, Mr. Frank John",33.0,Mr,Goldsmith,Frank John,1,1,20.525,2,F,,S
277,0,male,3,"Kraeff, Mr. Theodor",30.0,Mr,Kraeff,Theodor,0,0,7.8958,0,F,,C
278,0,male,3,"Drazenoic, Mr. Jozef",33.0,Mr,Drazenoic,Jozef,0,0,7.8958,0,F,,C
279,0,male,3,"Gheorgheff, Mr. Stanio",30.0,Mr,Gheorgheff,Stanio,0,0,7.8958,0,F,,C
280,0,male,3,"Markoff, Mr. Marin",35.0,Mr,Markoff,Marin,0,0,7.8958,0,F,,C
281,0,male,3,"Moran, Mr. James",38.0,Mr,Moran,James,0,0,8.4583,0,D,,Q
282,0,male,3,"Danbom, Mr. Ernst Gilbert",34.0,Mr,Danbom,Ernst Gilbert,1,1,14.4,2,D,,S
283,1,female,1,"Cumings, Mrs. John Bradley (Florence Briggs Thayer)",38.0,Mrs,Cumings,John Bradley (Florence Briggs Thayer),1,0,71.2833,1,C,C85,C
284,1,female,1,"Futrelle, Mrs. Jacques Heath (Lily May Peel)",35.0,Mrs,Futrelle,Jacques Heath (Lily May Peel),1,0,53.1,1,C,C123,S
285,1,female,1,"Pears, Mrs. Thomas (Edith Wearne)",22.0,Mrs,Pears,Thomas (Edith Wearne),1,0,66.6,1,C,C2,S
286,1,female,1,"Hoyt, Mrs. Frederick Maxfield (Jane Anne Forby)",35.0,Mrs,Hoyt,Frederick Maxfield (Jane Anne Forby),1,0,90.0,1,C,C93,S
287,1,female,1,"Harris, Mrs. Henry Birkhardt (Irene Wallach)",35.0,Mrs,Harris,Henry Birkhardt (Irene Wallach),1,0,83.475,1,C,C83,S
288,1,female,1,"Graham, Mrs. William Thompson (Edith Junkins)",58.0,Mrs,Graham,William Thompson (Edith Junkins),0,1,153.4625,1,C,C125,S
289,1,female,1,"Thayer, Mrs. John Borland (Marian Longstreth Morris)",39.0,Mrs,Thayer,John Borland (Marian Longstreth Morris),1,1,110.8833,2,C,C68,C
290,1,female,1,"Penasco y Castellana, Mrs. Victor de Satode (Maria Josefa Perez de Soto y Vallejo)",17.0,Mrs,Penasco y Castellana,Victor de Satode (Maria Josefa Perez de Soto y Vallejo),1,0,108.9,1,C,C65,C
291,1,female,1,"Potter, Mrs. Thomas Jr (Lily Alexenia Wilson)",56.0,Mrs,Potter,Thomas Jr (Lily Alexenia Wilson),0,1,83.1583,1,C,C50,C
292,1,female,1,"Wick, Mrs. George Dennick (Mary Hitchcock)",45.0,Mrs,Wick,George Dennick (Mary Hitchcock),1,1,164.8667,2,C,,S
293,1,female,1,"Meyer, Mrs. Edgar Joseph (Leila Saks)",39.0,Mrs,Meyer,Edgar Joseph (Leila Saks),1,0,82.1708,1,C,,C
294,1,female,1,"Astor, Mrs. John Jacob (Madeleine Talmadge Force)",18.0,Mrs,Astor,John Jacob (Madeleine Talmadge Force),1,0,227.525,1,C,C62 C64,C
295,1,female,1,"Holverson, Mrs. Alexander Oskar (Mary Aline Towner)",35.0,Mrs,Holverson,Alexander Oskar (Mary Aline Towner),1,0,52.0,1,C,,S
296,1,female,1,"Taylor, Mrs. Elmer Zebley (Juliet Cummins Wright)",40.0,Mrs,Taylor,Elmer Zebley (Juliet Cummins Wright),1,0,52.0,1,C,C126,S
297,1,female,1,"Goldenberg, Mrs. Samuel L (Edwiga Grabowska)",39.0,Mrs,Goldenberg,Samuel L (Edwiga Grabowska),1,0,89.1042,1,C,C92,C
298,1,female,1,"Rothschild, Mrs. Martin (Elizabeth L. Barrett)",54.0,Mrs,Rothschild,Martin (Elizabeth L. Barrett),1,0,59.4,1,C,,C
299,1,female,1,"Appleton, Mrs. Edward Dale (Charlotte Lamson)",53.0,Mrs,Appleton,Edward Dale (Charlotte Lamson),2,0,51.4792,2,C,C101,S
300,1,female,1,"Chambers, Mrs. Norman Campbell (Bertha Griggs)",33.0,Mrs,Chambers,Norman Campbell (Bertha Griggs),1,0,53.1,1,E,E8,S
301,1,female,1,"Chibnall, Mrs. (Edith Martha Bowerman)",43.0,Mrs,Chibnall,(Edith Martha Bowerman),0,1,55.0,1,E,E33,S
302,1,female,1,"Spedden, Mrs. Frederic Oakley (Margaretta Corning Stone)",40.0,Mrs,Spedden,Frederic Oakley (Margaretta Corning Stone),1,1,134.5,2,E,E34,C
303,1,female,1,"Taussig, Mrs. Emil (Tillie Mandelbaum)",39.0,Mrs,Taussig,Emil (Tillie Mandelbaum),1,1,79.65,2,E,E67,S
304,1,female,1,"Silvey, Mrs. William Baird (Alice Munger)",39.0,Mrs,Silvey,William Baird (Alice Munger),1,0,55.9,1,E,E44,S
305,1,female,1,"Beckwith, Mrs. Richard Leonard (Sallie Monypeny)",47.0,Mrs,Beckwith,Richard Leonard (Sallie Monypeny),1,1,52.5542,2,D,D35,S
306,1,female,1,"Harper, Mrs. Henry Sleeper (Myna Haxtun)",49.0,Mrs,Harper,Henry Sleeper (Myna Haxtun),1,0,76.7292,1,D,D33,C
307,1,female,1,"Swift, Mrs. Frederick Joel (Margaret Welles Barron)",48.0,Mrs,Swift,Frederick Joel (Margaret Welles Barron),0,0,25.9292,0,D,D17,S
308,1,female,1,"Hogeboom, Mrs. John C (Anna Andrews)",51.0,Mrs,Hogeboom,John C (Anna Andrews),1,0,77.9583,1,D,D11,S
309,1,female,1,"Warren, Mrs. Frank Manley (Anna Sophia Atkinson)",60.0,Mrs,Warren,Frank Manley (Anna Sophia Atkinson),1,0,75.25,1,D,D37,C
310,1,female,1,"Kenyon, Mrs. Frederick R (Marion)",44.0,Mrs,Kenyon,Frederick R (Marion),1,0,51.8625,1,D,D21,S
311,1,female,1,"Stephenson, Mrs. Walter Bertram (Martha Eustis)",52.0,Mrs,Stephenson,Walter Bertram (Martha Eustis),1,0,78.2667,1,D,D20,C
312,1,female,1,"Spencer, Mrs. William Augustus (Marie Eugenie)",39.0,Mrs,Spencer,William Augustus (Marie Eugenie),1,0,146.5208,1,B,B78,C
313,1,female,1,"Stone, Mrs. George Nelson (Martha Evelyn)",62.0,Mrs,Stone,George Nelson (Martha Evelyn),0,0,80.0,0,B,B28,
314,1,female,1,"Brown, Mrs. James Joseph (Margaret Tobin)",44.0,Mrs,Brown,James Joseph (Margaret Tobin),0,0,27.7208,0,B,B4,C
315,1,female,1,"Thorne, Mrs. Gertrude Maybelle",41.0,Mrs,Thorne,Gertrude Maybelle,0,0,79.2,0,B,,C
316,1,female,1,"Bishop, Mrs. Dickinson H (Helen Walton)",19.0,Mrs,Bishop,Dickinson H (Helen Walton),1,0,91.0792,1,B,B49,C
317,1,female,1,"Baxter, Mrs. James (Helene DeLaudeniere Chaput)",50.0,Mrs,Baxter,James (Helene DeLaudeniere Chaput),0,1,247.5208,1,B,B58 B60,C
318,1,female,1,"Hippach, Mrs. Louis Albert (Ida Sophia Fischer)",44.0,Mrs,Hippach,Louis Albert (Ida Sophia Fischer),0,1,57.9792,1,B,B18,C
319,1,female,1,"Frauenthal, Mrs. Henry William (Clara Heinsheimer)",40.0,Mrs,Frauenthal,Henry William (Clara Heinsheimer),1,0,133.65,1,B,,S
320,1,female,1,"Aubart, Mme. Leontine Pauline",24.0,Mrs,Aubart,Leontine Pauline,0,0,69.3,0,B,B35,C
321,1,female,1,"Carter, Mrs. William Ernest (Lucile Polk)",36.0,Mrs,Carter,William Ernest (Lucile Polk),1,2,120.0,3,B,B96 B98,S
322,1,female,1,"Hays, Mrs. Charles Melville (Clara Jennings Gregg)",52.0,Mrs,Hays,Charles Melville (Clara Jennings Gregg),1,1,93.5,2,B,B69,S
323,1,female,1,"Robert, Mrs. Edward Scott (Elisabeth Walton McMillan)",43.0,Mrs,Robert,Edward Scott (Elisabeth Walton McMillan),0,1,211.3375,1,B,B3,S
324,1,female,1,"Dick, Mrs. Albert Adrian (Vera Gillespie)",17.0,Mrs,Dick,Albert Adrian (Vera Gillespie),1,0,57.0,1,B,B20,S
325,1,female,3,"Heikkinen, Miss. Laina",26.0,Miss,Heikkinen,Laina,0,0,7.925,0,G,,S
326,1,female,3,"Honkanen, Miss. Eliina",27.0,Miss,Honkanen,Eliina,0,0,7.925,0,G,,S
327,1,female,3,"Andersson, Miss. Erna Alexandra",17.0,Miss,Andersson,Erna Alexandra,4,2,7.925,6,G,,S
328,1,female,3,"Andersen-Jensen, Miss. Carla Christine Nielsine",19.0,Miss,Andersen-Jensen,Carla Christine Nielsine,1,0,7.8542,1,G,,S
329,1,female,3,"Nilsson, Miss. Helmina Josefina",26.0,Miss,Nilsson,Helmina Josefina,0,0,7.8542,0,G,,S
330,1,female,3,"Salkjelsvik, Miss. Anna Kristine",21.0,Miss,Salkjelsvik,Anna Kristine,0,0,7.65,0,G,,S
331,1,female,3,"Stanley, Miss. Amy Zillah Elsie",23.0,Miss,Stanley,Amy Zillah Elsie,0,0,7.55,0,G,,S
332,1,female,3,"Ohman, Miss. Velin",22.0,Miss,Ohman,Velin,0,0,7.775,0,G,,S
333,1,female,3,"Johnson, Miss. Eleanor Ileen",1.0,Miss,Johnson,Eleanor Ileen,1,1,11.1333,2,G,,S
334,1,female,3,"Sandstrom, Miss. Marguerite Rut",4.0,Miss,Sandstrom,Marguerite Rut,1,1,16.7,2,G,G6,S
335,1,female,3,"Najib, Miss. Adele Kiamie ""Jane""",15.0,Miss,Najib,"Adele Kiamie ""Jane""",0,0,7.225,0,G,,C
336,1,female,3,"McGowan, Miss. Anna ""Annie""",15.0,Miss,McGowan,"Anna ""Annie""",0,0,8.0292,0,G,,Q
337,1,female,3,"O'Leary, Miss. Hanora ""Norah""",21.0,Miss,O'Leary,"Hanora ""Norah""",0,0,7.8292,0,G,,Q
338,1,female,3,"Gilnagh, Miss. Katherine ""Katie""",16.0,Miss,Gilnagh,"Katherine ""Katie""",0,0,7.7333,0,G,,Q
339,1,female,3,"Mullens, Miss. Katherine ""Katie""",21.0,Miss,Mullens,"Katherine ""Katie""",0,0,7.7333,0,G,,Q
340,1,female,3,"Nicola-Yarred, Miss. Jamila",14.0,Miss,Nicola-Yarred,Jamila,1,0,11.2417,1,G,,C
341,1,female,3,"Hirvonen, Miss. Hildur E",2.0,Miss,Hirvonen,Hildur E,0,1,12.2875,1,G,,S
342,1,female,3,"Turja, Miss. Anna Sofia",18.0,Miss,Turja,Anna Sofia,0,0,9.8417,0,G,,S
343,1,female,3,"Moran, Miss. Bertha",19.0,Miss,Moran,Bertha,1,0,24.15,1,G,,Q
344,1,female,3,"Landergren, Miss. Aurora Adelia",22.0,Miss,Landergren,Aurora Adelia,0,0,7.25,0,G,,S
345,1,female,3,"Sjoblom, Miss. Anna Sofia",18.0,Miss,Sjoblom,Anna Sofia,0,0,7.4958,0,G,,S
346,1,female,3,"Baclini, Miss. Marie Catherine",5.0,Miss,Baclini,Marie Catherine,2,1,19.2583,3,G,,C
347,1,female,3,"Baclini, Miss. Helene Barbara",0.75,Miss,Baclini,Helene Barbara,2,1,19.2583,3,G,,C
348,1,female,3,"Baclini, Miss. Eugenie",0.75,Miss,Baclini,Eugenie,2,1,19.2583,3,G,,C
349,1,female,3,"Nysten, Miss. Anna Sofia",22.0,Miss,Nysten,Anna Sofia,0,0,7.75,0,C,,S
350,1,female,3,"Ayoub, Miss. Banoura",13.0,Miss,Ayoub,Banoura,0,0,7.2292,0,A,,C
351,1,female,3,"Asplund, Miss. Lillian Gertrud",5.0,Miss,Asplund,Lillian Gertrud,4,2,31.3875,6,A,,S
352,1,female,3,"Kink-Heilmann, Miss. Luise Gretchen",4.0,Miss,Kink-Heilmann,Luise Gretchen,0,2,22.025,2,A,,S
353,1,female,3,"McCoy, Miss. Agnes",18.0,Miss,McCoy,Agnes,2,0,23.25,2,A,,Q
354,1,female,3,"Nakid, Miss. Maria (""Mary"")",1.0,Miss,Nakid,"Maria (""Mary"")",0,2,15.7417,2,A,,C
355,1,female,3,"O'Dwyer, Miss. Ellen ""Nellie""",22.0,Miss,O'Dwyer,"Ellen ""Nellie""",0,0,7.8792,0,E,,Q
356,1,female,3,"Devaney, Miss. Margaret Delia",19.0,Miss,Devaney,Margaret Delia,0,0,7.8792,0,E,,Q
357,1,female,3,"McGovern, Miss. Mary",22.0,Miss,McGovern,Mary,0,0,7.8792,0,E,,Q
358,1,female,3,"Mockler, Miss. Helen Mary ""Ellie""",22.0,Miss,Mockler,"Helen Mary ""Ellie""",0,0,7.8792,0,E,,Q
359,1,female,3,"Dowdell, Miss. Elizabeth",30.0,Miss,Dowdell,Elizabeth,0,0,12.475,0,E,,S
360,1,female,3,"Emanuel, Miss. Virginia Ethel",5.0,Miss,Emanuel,Virginia Ethel,0,0,12.475,0,E,,S
361,1,female,3,"Glynn, Miss. Mary Agatha",22.0,Miss,Glynn,Mary Agatha,0,0,7.75,0,B,,Q
362,1,female,3,"O'Driscoll, Miss. Bridget",22.0,Miss,O'Driscoll,Bridget,0,0,7.75,0,B,,Q
363,1,female,3,"Madigan, Miss. Margaret ""Maggie""",22.0,Miss,Madigan,"Margaret ""Maggie""",0,0,7.75,0,B,,Q
364,1,female,3,"Carr, Miss. Helen ""Ellen""",16.0,Miss,Carr,"Helen ""Ellen""",0,0,7.75,0,B,,Q
365,1,female,3,"Healy, Miss. Hanora ""Nora""",22.0,Miss,Healy,"Hanora ""Nora""",0,0,7.75,0,B,,Q
366,1,female,3,"Connolly, Miss. Kate",22.0,Miss,Connolly,Kate,0,0,7.75,0,B,,Q
367,1,female,3,"Kelly, Miss. Anna Katherine ""Annie Kate""",22.0,Miss,Kelly,"Anna Katherine ""Annie Kate""",0,0,7.75,0,B,,Q
368,1,female,3,"Jermyn, Miss. Annie",22.0,Miss,Jermyn,Annie,0,0,7.75,0,B,,Q
369,1,female,3,"Kelly, Miss. Mary",22.0,Miss,Kelly,Mary,0,0,7.75,0,B,,Q
370,1,female,3,"Mannion, Miss. Margareth",22.0,Miss,Mannion,Margareth,0,0,7.7375,0,B,,Q
371,1,female,3,"Murphy, Miss. Katherine ""Kate""",20.0,Miss,Murphy,"Katherine ""Kate""",1,0,15.5,1,B,,Q
372,1,female,3,"Murphy, Miss. Margaret Jane",20.0,Miss,Murphy,Margaret Jane,1,0,15.5,1,B,,Q
373,1,female,3,"McDermott, Miss. Brigdet Delia",25.0,Miss,McDermott,Brigdet Delia,0,0,7.7875,0,D,,Q
374,1,female,3,"Karun, Miss. Manca",4.0,Miss,Karun,Manca,0,1,13.4167,1,D,,C
375,1,female,3,"Peter, Miss. Anna",14.0,Miss,Peter,Anna,1,1,22.3583,2,F,F E69,C
376,1,male,3,"Niskanen, Mr. Juha",39.0,Mr,Niskanen,Juha,0,0,7.925,0,G,,S
377,1,male,3,"Sundman, Mr. Johan Julian",44.0,Mr,Sundman,Johan Julian,0,0,7.925,0,G,,S
378,1,male,3,"Jussila, Mr. Eiriik",32.0,Mr,Jussila,Eiriik,0,0,7.925,0,G,,S
379,1,male,3,"Stranden, Mr. Juho",31.0,Mr,Stranden,Juho,0,0,7.925,0,G,,S
380,1,male,3,"Lindqvist, Mr. Eino William",20.0,Mr,Lindqvist,Eino William,1,0,7.925,1,G,,S
381,1,male,3,"Jonsson, Mr. Carl",32.0,Mr,Jonsson,Carl,0,0,7.8542,0,G,,S
382,1,male,3,"Moss, Mr. Albert Johan",25.0,Mr,Moss,Albert Johan,0,0,7.775,0,G,,S
383,1,male,3,"Persson, Mr. Ernst Ulrik",25.0,Mr,Persson,Ernst Ulrik,1,0,7.775,1,G,,S
384,1,male,3,"Andersson, Mr. August Edvard (""Wennerstrom"")",27.0,Mr,Andersson,"August Edvard (""Wennerstrom"")",0,0,7.7958,0,G,,S
385,1,male,3,"Jansson, Mr. Carl Olof",21.0,Mr,Jansson,Carl Olof,0,0,7.7958,0,G,,S
386,1,male,3,"Johannesen-Bratthammer, Mr. Bernt",25.0,Mr,Johannesen-Bratthammer,Bernt,0,0,8.1125,0,G,,S
387,1,male,3,"Leeni, Mr. Fahim (""Philip Zenni"")",22.0,Mr,Leeni,"Fahim (""Philip Zenni"")",0,0,7.225,0,G,,C
388,1,male,3,"Bing, Mr. Lee",32.0,Mr,Bing,Lee,0,0,56.4958,0,G,,S
389,1,male,3,"Lang, Mr. Fang",26.0,Mr,Lang,Fang,0,0,56.4958,0,G,,S
390,1,male,3,"Foo, Mr. Choong",25.0,Mr,Foo,Choong,0,0,56.4958,0,G,,S
391,1,male,3,"Lam, Mr. Ali",25.0,Mr,Lam,Ali,0,0,56.4958,0,G,,S
392,1,male,3,"Chip, Mr. Chang",32.0,Mr,Chip,Chang,0,0,56.4958,0,G,,S
393,1,male,3,"Sheerlinck, Mr. Jan Baptist",29.0,Mr,Sheerlinck,Jan Baptist,0,0,9.5,0,G,,S
394,1,male,3,"de Mulder, Mr. Theodore",30.0,Mr,de Mulder,Theodore,0,0,9.5,0,G,,S
395,1,male,3,"Madsen, Mr. Fridtjof Arne",24.0,Mr,Madsen,Fridtjof Arne,0,0,7.1417,0,G,,S
396,1,male,3,"Jalsevac, Mr. Ivan",29.0,Mr,Jalsevac,Ivan,0,0,7.8958,0,G,,C
397,1,male,3,"Cohen, Mr. Gurshon ""Gus""",18.0,Mr,Cohen,"Gurshon ""Gus""",0,0,8.05,0,E,,S
398,1,male,3,"Sunderland, Mr. Victor Francis",16.0,Mr,Sunderland,Victor Francis,0,0,8.05,0,E,,S
399,1,male,3,"Dorking, Mr. Edward Arthur",19.0,Mr,Dorking,Edward Arthur,0,0,8.05,0,E,,S
400,1,male,3,"Dahl, Mr. Karl Edwart",45.0,Mr,Dahl,Karl Edwart,0,0,8.05,0,E,,S
401,1,male,3,"Pickard, Mr. Berk (Berk Trembisky)",32.0,Mr,Pickard,Berk (Berk Trembisky),0,0,8.05,0,E,E10,S
402,1,male,3,"Mamee, Mr. Hanna",25.0,Mr,Mamee,Hanna,0,0,7.2292,0,A,,C
403,1,male,3,"Barah, Mr. Hanna Assi",20.0,Mr,Barah,Hanna Assi,0,0,7.2292,0,A,,C
404,1,male,3,"Tornquist, Mr. William Henry",25.0,Mr,Tornquist,William Henry,0,0,0.0,0,A,,S
405,1,male,3,"McCoy, Mr. Bernard",27.0,Mr,McCoy,Bernard,2,0,23.25,2,A,,Q
406,1,male,3,"Nakid, Mr. Sahid",20.0,Mr,Nakid,Sahid,1,1,15.7417,2,A,,C
407,1,male,3,"Daly, Mr. Eugene Patrick",29.0,Mr,Daly,Eugene Patrick,0,0,7.75,0,B,,Q
408,1,male,3,"McCormack, Mr. Thomas Joseph",31.0,Mr,McCormack,Thomas Joseph,0,0,7.75,0,B,,Q
409,1,male,3,"Albimona, Mr. Nassef Cassem",26.0,Mr,Albimona,Nassef Cassem,0,0,18.7875,0,B,,C
410,1,male,3,"Hedman, Mr. Oskar Arvid",27.0,Mr,Hedman,Oskar Arvid,0,0,6.975,0,F,,S
411,1,male,3,"Lulic, Mr. Nikola",27.0,Mr,Lulic,Nikola,0,0,8.6625,0,D,,S
412,1,male,1,"Chambers, Mr. Norman Campbell",27.0,Mr,Chambers,Norman Campbell,1,0,53.1,1,E,E8,S
413,1,male,1,"Anderson, Mr. Harry",48.0,Mr,Anderson,Harry,0,0,26.55,0,E,E12,S
414,1,male,1,"Daly, Mr. Peter Denis ",51.0,Mr,Daly,Peter Denis ,0,0,26.55,0,E,E17,S
415,1,male,1,"Homer, Mr. Harry (""Mr E Haven"")",35.0,Mr,Homer,"Harry (""Mr E Haven"")",0,0,26.55,0,E,,C
416,1,male,1,"McGough, Mr. James Robert",36.0,Mr,McGough,James Robert,0,0,26.2875,0,E,E25,S
417,1,male,1,"Silverthorne, Mr. Spencer Victor",35.0,Mr,Silverthorne,Spencer Victor,0,0,26.2875,0,E,E24,S
418,1,male,1,"Calderhead, Mr. Edward Pennington",42.0,Mr,Calderhead,Edward Pennington,0,0,26.2875,0,E,E24,S
419,1,male,1,"Flynn, Mr. John Irwin (""Irving"")",36.0,Mr,Flynn,"John Irwin (""Irving"")",0,0,26.3875,0,E,E25,S
420,1,male,1,"Harder, Mr. George Achilles",25.0,Mr,Harder,George Achilles,1,0,55.4417,1,E,E50,C
421,1,male,1,"Beckwith, Mr. Richard Leonard",37.0,Mr,Beckwith,Richard Leonard,1,1,52.5542,2,D,D35,S
422,1,male,1,"Kimball, Mr. Edwin Nelson Jr",42.0,Mr,Kimball,Edwin Nelson Jr,1,0,52.5542,1,D,D19,S
423,1,male,1,"Harper, Mr. Henry Sleeper",48.0,Mr,Harper,Henry Sleeper,1,0,76.7292,1,D,D33,C
424,1,male,1,"Hassab, Mr. Hammad",27.0,Mr,Hassab,Hammad,0,0,76.7292,0,D,D49,C
425,1,male,1,"Greenfield, Mr. William Bertram",23.0,Mr,Greenfield,William Bertram,0,1,63.3583,1,D,D10 D12,C
426,1,male,1,"Hawksford, Mr. Walter James",41.0,Mr,Hawksford,Walter James,0,0,30.0,0,D,D45,S
427,1,male,1,"Romaine, Mr. Charles Hallace (""Mr C Rolmane"")",45.0,Mr,Romaine,"Charles Hallace (""Mr C Rolmane"")",0,0,26.55,0,C,,S
428,1,male,1,"Bjornstrom-Steffansson, Mr. Mauritz Hakan",28.0,Mr,Bjornstrom-Steffansson,Mauritz Hakan,0,0,26.55,0,C,C52,S
429,1,male,1,"Seward, Mr. Frederic Kimber",34.0,Mr,Seward,Frederic Kimber,0,0,26.55,0,C,,S
430,1,male,1,"Bradley, Mr. George (""George Arthur Brayton"")",38.0,Mr,Bradley,"George (""George Arthur Brayton"")",0,0,26.55,0,C,,S
431,1,male,1,"Woolner, Mr. Hugh",38.0,Mr,Woolner,Hugh,0,0,35.5,0,C,C52,S
432,1,male,1,"Hoyt, Mr. Frederick Maxfield",38.0,Mr,Hoyt,Frederick Maxfield,1,0,90.0,1,C,C93,S
433,1,male,1,"Saalfeld, Mr. Adolphe",38.0,Mr,Saalfeld,Adolphe,0,0,30.5,0,C,C106,S
434,1,male,1,"Daniel, Mr. Robert Williams",27.0,Mr,Daniel,Robert Williams,0,0,30.5,0,C,,S
435,1,male,1,"Thayer, Mr. John Borland Jr",17.0,Mr,Thayer,John Borland Jr,0,2,110.8833,2,C,C70,C
436,1,male,1,"Taylor, Mr. Elmer Zebley",48.0,Mr,Taylor,Elmer Zebley,1,0,52.0,1,C,C126,S
437,1,male,1,"Goldenberg, Mr. Samuel L",49.0,Mr,Goldenberg,Samuel L,1,0,89.1042,1,C,C92,C
438,1,male,1,"Marechal, Mr. Pierre",37.0,Mr,Marechal,Pierre,0,0,29.7,0,C,C47,C
439,1,male,1,"Behr, Mr. Karl Howell",26.0,Mr,Behr,Karl Howell,0,0,30.0,0,C,C148,C
440,1,male,1,"Sloper, Mr. William Thompson",28.0,Mr,Sloper,William Thompson,0,0,35.5,0,A,A6,S
441,1,male,1,"Blank, Mr. Henry",40.0,Mr,Blank,Henry,0,0,31.0,0,A,A31,C
442,1,male,1,"Barkworth, Mr. Algernon Henry Wilson",80.0,Mr,Barkworth,Algernon Henry Wilson,0,0,30.0,0,A,A23,S
443,1,male,1,"Duff Gordon, Sir. Cosmo Edmund (""Mr Morgan"")",49.0,Mr,Duff Gordon,"Cosmo Edmund (""Mr Morgan"")",1,0,56.9292,1,A,A20,C
444,1,male,1,"Frolicher-Stehli, Mr. Maxmillian",60.0,Mr,Frolicher-Stehli,Maxmillian,1,1,79.2,2,B,B41,C
445,1,male,1,"Cardeza, Mr. Thomas Drake Martinez",36.0,Mr,Cardeza,Thomas Drake Martinez,0,1,512.3292,1,B,B51 B53 B55,C
446,1,male,1,"Lesurer, Mr. Gustave J",35.0,Mr,Lesurer,Gustave J,0,0,512.3292,0,B,B101,C
447,1,male,1,"Bishop, Mr. Dickinson H",25.0,Mr,Bishop,Dickinson H,1,0,91.0792,1,B,B49,C
448,1,male,1,"Carter, Mr. William Ernest",36.0,Mr,Carter,William Ernest,1,2,120.0,3,B,B96 B98,S
449,1,male,1,"Dick, Mr. Albert Adrian",31.0,Mr,Dick,Albert Adrian,1,0,57.0,1,B,B20,S
450,0,female,3,"Meek, Mrs. Thomas (Annie Louise Rowley)",34.0,Mrs,Meek,Thomas (Annie Louise Rowley),0,0,8.05,0,B,,S
451,0,female,3,"Caram, Mrs. Joseph (Maria Elias)",31.0,Mrs,Caram,Joseph (Maria Elias),1,0,14.4583,1,B,,C
452,0,female,3,"Ford, Mrs. Edward (Margaret Ann Watson)",48.0,Mrs,Ford,Edward (Margaret Ann Watson),1,3,34.375,4,B,,S
453,0,female,3,"Palsson, Mrs. Nils (Alma Cornelia Berglund)",29.0,Mrs,Palsson,Nils (Alma Cornelia Berglund),0,4,21.075,4,G,,S
454,0,female,3,"Andersson, Mrs. Anders Johan (Alfrida Konstantia Brogren)",39.0,Mrs,Andersson,Anders Johan (Alfrida Konstantia Brogren),1,5,31.275,6,G,,S
455,0,female,3,"Vander Planke, Mrs. Julius (Emelia Maria Vandemoortele)",31.0,Mrs,Vander Planke,Julius (Emelia Maria Vandemoortele),1,0,18.0,1,G,,S
456,0,female,3,"Arnold-Franchi, Mrs. Josef (Josefine Franchi)",18.0,Mrs,Arnold-Franchi,Josef (Josefine Franchi),1,0,17.8,1,G,,S
457,0,female,3,"Ahlin, Mrs. Johan (Johanna Persdotter Larsson)",40.0,Mrs,Ahlin,Johan (Johanna Persdotter Larsson),1,0,9.475,1,G,,S
458,0,female,3,"Bourke, Mrs. John (Catherine)",32.0,Mrs,Bourke,John (Catherine),1,1,15.5,2,G,,Q
459,0,female,3,"Panula, Mrs. Juha (Maria Emilia Ojala)",41.0,Mrs,Panula,Juha (Maria Emilia Ojala),0,5,39.6875,5,G,,S
460,0,female,3,"Goodwin, Mrs. Frederick (Augusta Tyler)",43.0,Mrs,Goodwin,Frederick (Augusta Tyler),1,6,46.9,7,G,,S
461,0,female,3,"Skoog, Mrs. William (Anna Bernhardina Karlsson)",45.0,Mrs,Skoog,William (Anna Bernhardina Karlsson),1,4,27.9,5,G,,S
462,0,female,3,"Barbara, Mrs. (Catherine David)",45.0,Mrs,Barbara,(Catherine David),0,1,14.4542,1,G,,C
463,0,female,3,"Strom, Mrs. Wilhelm (Elna Matilda Persson)",29.0,Mrs,Strom,Wilhelm (Elna Matilda Persson),1,1,10.4625,2,G,G6,S
464,0,female,3,"Robins, Mrs. Alexander A (Grace Charity Laury)",47.0,Mrs,Robins,Alexander A (Grace Charity Laury),1,0,14.5,1,G,,S
465,0,female,3,"Lobb, Mrs. William Arthur (Cordelia K Stanlick)",26.0,Mrs,Lobb,William Arthur (Cordelia K Stanlick),1,0,16.1,1,G,,S
466,0,female,3,"Van Impe, Mrs. Jean Baptiste (Rosalie Paula Govaert)",30.0,Mrs,Van Impe,Jean Baptiste (Rosalie Paula Govaert),1,1,24.15,2,G,,S
467,0,female,3,"Rice, Mrs. William (Margaret Norton)",39.0,Mrs,Rice,William (Margaret Norton),0,5,29.125,5,E,,Q
468,0,female,3,"Rosblom, Mrs. Viktor (Helena Wilhelmina)",41.0,Mrs,Rosblom,Viktor (Helena Wilhelmina),0,2,20.2125,2,E,,S
469,0,female,3,"Danbom, Mrs. Ernst Gilbert (Anna Sigrid Maria Brogren)",28.0,Mrs,Danbom,Ernst Gilbert (Anna Sigrid Maria Brogren),1,1,14.4,2,D,,S
470,0,female,3,"Boulos, Mrs. Joseph (Sultana)",33.0,Mrs,Boulos,Joseph (Sultana),0,2,15.2458,2,F,,C
471,0,female,3,"Meanwell, Miss. (Marion Ogden)",21.0,Miss,Meanwell,(Marion Ogden),0,0,8.05,0,B,,S
472,0,female,3,"Ilmakangas, Miss. Pieta Sofia",25.0,Miss,Ilmakangas,Pieta Sofia,1,0,7.925,1,B,,S
473,0,female,3,"Heininen, Miss. Wendla Maria",23.0,Miss,Heininen,Wendla Maria,0,0,7.925,0,B,,S
474,0,female,3,"Attalah, Miss. Malake",17.0,Miss,Attalah,Malake,0,0,14.4583,0,B,,C
475,0,female,3,"Ford, Miss. Robina Maggie ""Ruby""",9.0,Miss,Ford,"Robina Maggie ""Ruby""",2,2,34.375,4,B,,S
476,0,female,3,"Ford, Miss. Doolina Margaret ""Daisy""",21.0,Miss,Ford,"Doolina Margaret ""Daisy""",2,2,34.375,4,B,,S
477,0,female,3,"Strandberg, Miss. Ida Sofia",22.0,Miss,Strandberg,Ida Sofia,0,0,9.8375,0,B,,S
478,0,female,3,"Vestrom, Miss. Hulda Amanda Adolfina",14.0,Miss,Vestrom,Hulda Amanda Adolfina,0,0,7.8542,0,G,,S
479,0,female,3,"Olsson, Miss. Elina",31.0,Miss,Olsson,Elina,0,0,7.8542,0,G,,S
480,0,female,3,"Petranec, Miss. Matilda",28.0,Miss,Petranec,Matilda,0,0,7.8958,0,G,,S
481,0,female,3,"Lindahl, Miss. Agda Thorilda Viktoria",25.0,Miss,Lindahl,Agda Thorilda Viktoria,0,0,7.775,0,G,,S
482,0,female,3,"Pettersson, Miss. Ellen Natalia",18.0,Miss,Pettersson,Ellen Natalia,0,0,7.775,0,G,,S
483,0,female,3,"Harknett, Miss. Alice Phoebe",20.0,Miss,Harknett,Alice Phoebe,0,0,7.55,0,G,,S
484,0,female,3,"O'Sullivan, Miss. Bridget Mary",25.0,Miss,O'Sullivan,Bridget Mary,0,0,7.6292,0,G,,Q
485,0,female,3,"Palsson, Miss. Torborg Danira",8.0,Miss,Palsson,Torborg Danira,3,1,21.075,4,G,,S
486,0,female,3,"Palsson, Miss. Stina Viola",3.0,Miss,Palsson,Stina Viola,3,1,21.075,4,G,,S
487,0,female,3,"Andersson, Miss. Ellis Anna Maria",2.0,Miss,Andersson,Ellis Anna Maria,4,2,31.275,6,G,,S
488,0,female,3,"Andersson, Miss. Ingeborg Constanzia",9.0,Miss,Andersson,Ingeborg Constanzia,4,2,31.275,6,G,,S
489,0,female,3,"Andersson, Miss. Sigrid Elisabeth",11.0,Miss,Andersson,Sigrid Elisabeth,4,2,31.275,6,G,,S
490,0,female,3,"Andersson, Miss. Ebba Iris Alfrida",6.0,Miss,Andersson,Ebba Iris Alfrida,4,2,31.275,6,G,,S
491,0,female,3,"Vander Planke, Miss. Augusta Maria",18.0,Miss,Vander Planke,Augusta Maria,2,0,18.0,2,G,,S
492,0,female,3,"Oreskovic, Miss. Marija",20.0,Miss,Oreskovic,Marija,0,0,8.6625,0,G,,S
493,0,female,3,"Cacic, Miss. Marija",30.0,Miss,Cacic,Marija,0,0,8.6625,0,G,,S
494,0,female,3,"Haas, Miss. Aloisia",24.0,Miss,Haas,Aloisia,0,0,8.85,0,G,,S
495,0,female,3,"Goodwin, Miss. Lillian Amy",16.0,Miss,Goodwin,Lillian Amy,5,2,46.9,7,G,,S
496,0,female,3,"Skoog, Miss. Mabel",9.0,Miss,Skoog,Mabel,3,2,27.9,5,G,,S
497,0,female,3,"Skoog, Miss. Margit Elizabeth",2.0,Miss,Skoog,Margit Elizabeth,3,2,27.9,5,G,,S
498,0,female,3,"Zabour, Miss. Hileni",14.5,Miss,Zabour,Hileni,1,0,14.4542,1,G,,C
499,0,female,3,"Zabour, Miss. Thamine",17.0,Miss,Zabour,Thamine,1,0,14.4542,1,G,,C
500,0,female,3,"Barbara, Miss. Saiide",18.0,Miss,Barbara,Saiide,0,1,14.4542,1,G,,C
501,0,female,3,"Jussila, Miss. Katriina",20.0,Miss,Jussila,Katriina,1,0,9.825,1,G,,S
502,0,female,3,"Jussila, Miss. Mari Aina",21.0,Miss,Jussila,Mari Aina,1,0,9.825,1,G,,S
503,0,female,3,"Strom, Miss. Telma Matilda",2.0,Miss,Strom,Telma Matilda,0,1,10.4625,1,G,G6,S
504,0,female,3,"Hegarty, Miss. Hanora ""Nora""",18.0,Miss,Hegarty,"Hanora ""Nora""",0,0,6.75,0,G,,Q
505,0,female,3,"Sage, Miss. Constance Gladys",2.0,Miss,Sage,Constance Gladys,8,2,69.55,10,G,,S
506,0,female,3,"Sage, Miss. Stella Anna",2.0,Miss,Sage,Stella Anna,8,2,69.55,10,G,,S
507,0,female,3,"Sage, Miss. Dorothy Edith ""Dolly""",2.0,Miss,Sage,"Dorothy Edith ""Dolly""",8,2,69.55,10,G,,S
508,0,female,3,"Van Impe, Miss. Catharina",10.0,Miss,Van Impe,Catharina,0,2,24.15,2,G,,S
509,0,female,3,"Johnston, Miss. Catherine Helen ""Carrie""",17.0,Miss,Johnston,"Catherine Helen ""Carrie""",1,2,23.45,3,G,,S
510,0,female,3,"Lindblom, Miss. Augusta Charlotta",45.0,Miss,Lindblom,Augusta Charlotta,0,0,7.75,0,A,,S
511,0,female,3,"Laitinen, Miss. Kristina Sofia",37.0,Miss,Laitinen,Kristina Sofia,0,0,9.5875,0,A,,S
512,0,female,3,"Henry, Miss. Delia",27.0,Miss,Henry,Delia,0,0,7.75,0,F,,Q
513,0,female,3,"Canavan, Miss. Mary",21.0,Miss,Canavan,Mary,0,0,7.75,0,F,,Q
514,0,female,3,"Mangan, Miss. Mary",30.5,Miss,Mangan,Mary,0,0,7.75,0,F,,Q
515,0,female,3,"Bourke, Miss. Mary",26.0,Miss,Bourke,Mary,0,2,7.75,2,F,,Q
516,0,female,3,"Boulos, Miss. Nourelain",9.0,Miss,Boulos,Nourelain,1,1,15.2458,2,F,,C
517,0,female,3,"Peters, Miss. Katie",26.0,Miss,Peters,Katie,0,0,8.1375,0,C,,Q
518,0,female,3,"Dahlberg, Miss. Gerda Ulrika",22.0,Miss,Dahlberg,Gerda Ulrika,0,0,10.5167,0,D,,S
519,0,female,3,"Lefebre, Miss. Mathilde",17.0,Miss,Lefebre,Mathilde,3,1,25.4667,4,D,,S
520,0,female,3,"Lefebre, Miss. Ida",17.0,Miss,Lefebre,Ida,3,1,25.4667,4,D,,S
521,0,female,3,"Lefebre, Miss. Jeannie",17.0,Miss,Lefebre,Jeannie,3,1,25.4667,4,D,,S
522,0,male,1,"McCarthy, Mr. Timothy J",54.0,Mr,McCarthy,Timothy J,0,0,51.8625,0,E,E46,S
523,0,male,1,"Chaffee, Mr. Herbert Fuller",46.0,Mr,Chaffee,Herbert Fuller,1,0,61.175,1,E,E31,S
524,0,male,1,"Colley, Mr. Edward Pomeroy",47.0,Mr,Colley,Edward Pomeroy,0,0,25.5875,0,E,E58,S
525,0,male,1,"Millet, Mr. Francis Davis",65.0,Mr,Millet,Francis Davis,0,0,26.55,0,E,E38,S
526,0,male,1,"Taussig, Mr. Emil",52.0,Mr,Taussig,Emil,1,1,79.65,2,E,E67,S
527,0,male,1,"Silvey, Mr. William Baird",50.0,Mr,Silvey,William Baird,1,0,55.9,1,E,E44,S
528,0,male,1,"Gee, Mr. Arthur H",47.0,Mr,Gee,Arthur H,0,0,38.5,0,E,E63,S
529,0,male,1,"Robbins, Mr. Victor",41.0,Mr,Robbins,Victor,0,0,227.525,0,E,,C
530,0,male,1,"Holverson, Mr. Alexander Oskar",42.0,Mr,Holverson,Alexander Oskar,1,0,52.0,1,C,,S
531,0,male,1,"Porter, Mr. Walter Chamberlain",47.0,Mr,Porter,Walter Chamberlain,0,0,52.0,0,C,C110,S
532,0,male,1,"Fortune, Mr. Charles Alexander",19.0,Mr,Fortune,Charles Alexander,3,2,263.0,5,C,C23 C25 C27,S
533,0,male,1,"Fortune, Mr. Mark",64.0,Mr,Fortune,Mark,1,4,263.0,5,C,C23 C25 C27,S
534,0,male,1,"Foreman, Mr. Benjamin Laventall",30.0,Mr,Foreman,Benjamin Laventall,0,0,27.75,0,C,C111,C
535,0,male,1,"Harris, Mr. Henry Birkhardt",45.0,Mr,Harris,Henry Birkhardt,1,0,83.475,1,C,C83,S
536,0,male,1,"Futrelle, Mr. Jacques Heath",37.0,Mr,Futrelle,Jacques Heath,1,0,53.1,1,C,C123,S
537,0,male,1,"Stead, Mr. William Thomas",62.0,Mr,Stead,William Thomas,0,0,26.55,0,C,C87,S
538,0,male,1,"Smart, Mr. John Montgomery",56.0,Mr,Smart,John Montgomery,0,0,26.55,0,C,,S
539,0,male,1,"Wright, Mr. George",62.0,Mr,Wright,George,0,0,26.55,0,C,,S
540,0,male,1,"Klaber, Mr. Herman",42.0,Mr,Klaber,Herman,0,0,26.55,0,C,C124,S
541,0,male,1,"Natsch, Mr. Charles H",37.0,Mr,Natsch,Charles H,0,1,29.7,1,C,C118,C
542,0,male,1,"Partner, Mr. Austen",45.5,Mr,Partner,Austen,0,0,28.5,0,C,C124,S
543,0,male,1,"Graham, Mr. George Edward",38.0,Mr,Graham,George Edward,0,1,153.4625,1,C,C91,S
544,0,male,1,"Pears, Mr. Thomas Clinton",29.0,Mr,Pears,Thomas Clinton,1,0,66.6,1,C,C2,S
545,0,male,1,"Williams-Lambert, Mr. Fletcher Fellows",42.0,Mr,Williams-Lambert,Fletcher Fellows,0,0,35.0,0,C,C128,S
546,0,male,1,"Widener, Mr. Harry Elkins",27.0,Mr,Widener,Harry Elkins,0,2,211.5,2,C,C82,C
547,0,male,1,"Molson, Mr. Harry Markland",55.0,Mr,Molson,Harry Markland,0,0,30.5,0,C,C30,S
548,0,male,1,"Penasco y Castellana, Mr. Victor de Satode",18.0,Mr,Penasco y Castellana,Victor de Satode,1,0,108.9,1,C,C65,C
549,0,male,1,"Farthing, Mr. John",42.0,Mr,Farthing,John,0,0,221.7792,0,C,C95,S
550,0,male,1,"Douglas, Mr. Walter Donald",50.0,Mr,Douglas,Walter Donald,1,0,106.425,1,C,C86,C
551,0,male,1,"Thayer, Mr. John Borland",49.0,Mr,Thayer,John Borland,1,1,110.8833,2,C,C68,C
552,0,male,1,"Cavendish, Mr. Tyrell William",36.0,Mr,Cavendish,Tyrell William,1,0,78.85,1,C,C46,S
553,0,male,1,"Clifford, Mr. George Quincy",43.0,Mr,Clifford,George Quincy,0,0,52.0,0,A,A14,S
554,0,male,1,"Goldschmidt, Mr. George B",71.0,Mr,Goldschmidt,George B,0,0,34.6542,0,A,A5,C
555,0,male,1,"Smith, Mr. Richard William",43.0,Mr,Smith,Richard William,0,0,26.0,0,A,A19,S
556,0,male,1,"Nicholson, Mr. Arthur Ernest",64.0,Mr,Nicholson,Arthur Ernest,0,0,26.0,0,A,,S
557,0,male,1,"Smith, Mr. James Clinch",56.0,Mr,Smith,James Clinch,0,0,30.6958,0,A,A7,C
558,0,male,1,"Hoyt, Mr. William Fisher",42.0,Mr,Hoyt,William Fisher,0,0,30.6958,0,A,,C
559,0,male,1,"Rood, Mr. Hugh Roscoe",43.0,Mr,Rood,Hugh Roscoe,0,0,50.0,0,A,A32,S
560,0,male,1,"Roebling, Mr. Washington Augustus II",31.0,Mr,Roebling,Washington Augustus II,0,0,50.4958,0,A,A24,S
561,0,male,1,"Andrews, Mr. Thomas Jr",39.0,Mr,Andrews,Thomas Jr,0,0,0.0,0,A,A36,S
562,0,male,1,"Blackwell, Mr. Stephen Weart",45.0,Mr,Blackwell,Stephen Weart,0,0,35.5,0,A,T,S
563,0,male,1,"Ross, Mr. John Hugo",36.0,Mr,Ross,John Hugo,0,0,40.125,0,A,A10,C
564,0,male,1,"Davidson, Mr. Thornton",31.0,Mr,Davidson,Thornton,1,0,52.0,1,B,B71,S
565,0,male,1,"Ostby, Mr. Engelhart Cornelius",65.0,Mr,Ostby,Engelhart Cornelius,0,1,61.9792,1,B,B30,C
566,0,male,1,"Baxter, Mr. Quigg Edmond",24.0,Mr,Baxter,Quigg Edmond,0,1,247.5208,1,B,B58 B60,C
567,0,male,1,"Giglio, Mr. Victor",24.0,Mr,Giglio,Victor,0,0,79.2,0,B,B86,C
568,0,male,1,"Guggenheim, Mr. Benjamin",46.0,Mr,Guggenheim,Benjamin,0,0,79.2,0,B,B82 B84,C
569,0,male,1,"Williams, Mr. Charles Duane",51.0,Mr,Williams,Charles Duane,0,1,61.3792,1,B,,C
570,0,male,1,"Van der hoef, Mr. Wyckoff",61.0,Mr,Van der hoef,Wyckoff,0,0,33.5,0,B,B19,S
571,0,male,1,"Harrison, Mr. William",40.0,Mr,Harrison,William,0,0,0.0,0,B,B94,S
572,0,male,1,"Parr, Mr. William Henry Marsh",42.0,Mr,Parr,William Henry Marsh,0,0,0.0,0,B,,S
573,0,male,1,"Fry, Mr. Richard",42.0,Mr,Fry,Richard,0,0,0.0,0,B,B102,S
574,0,male,1,"Kent, Mr. Edward Austin",58.0,Mr,Kent,Edward Austin,0,0,29.7,0,B,B37,C
575,0,male,1,"Carlsson, Mr. Frans Olof",33.0,Mr,Carlsson,Frans Olof,0,0,5.0,0,B,B51 B53 B55,S
576,0,male,1,"Uruchurtu, Don. Manuel E",40.0,Mr,Uruchurtu,Manuel E,0,0,27.7208,0,G,,C
577,0,male,1,"Stewart, Mr. Albert A",40.0,Mr,Stewart,Albert A,0,0,27.7208,0,G,,C
578,0,male,1,"Lewy, Mr. Ervin G",40.0,Mr,Lewy,Ervin G,0,0,27.7208,0,G,,C
579,0,male,1,"Meyer, Mr. Edgar Joseph",28.0,Mr,Meyer,Edgar Joseph,1,0,82.1708,1,G,,C
580,0,male,1,"Carrau, Mr. Francisco M",28.0,Mr,Carrau,Francisco M,0,0,47.1,0,G,,S
581,0,male,1,"Baumann, Mr. John D",42.0,Mr,Baumann,John D,0,0,25.925,0,G,,S
582,0,male,1,"Cairns, Mr. Alexander",42.0,Mr,Cairns,Alexander,0,0,31.0,0,G,,S
583,0,male,1,"Ringhini, Mr. Sante",22.0,Mr,Ringhini,Sante,0,0,135.6333,0,G,,C
584,0,male,1,"Artagaveytia, Mr. Ramon",71.0,Mr,Artagaveytia,Ramon,0,0,49.5042,0,G,,C
585,0,male,1,"Harrington, Mr. Charles H",42.0,Mr,Harrington,Charles H,0,0,42.4,0,G,,S
586,0,male,1,"White, Mr. Richard Frasar",21.0,Mr,White,Richard Frasar,0,1,77.2875,1,D,D26,S
587,0,male,1,"White, Mr. Percival Wayland",54.0,Mr,White,Percival Wayland,0,1,77.2875,1,D,D26,S
588,0,male,1,"Marvin, Mr. Daniel Warner",19.0,Mr,Marvin,Daniel Warner,1,0,53.1,1,D,D30,S
589,0,male,1,"Walker, Mr. William Anderson",47.0,Mr,Walker,William Anderson,0,0,34.0208,0,D,D46,S
590,0,male,1,"Long, Mr. Milton Clyde",29.0,Mr,Long,Milton Clyde,0,0,30.0,0,D,D6,S
591,0,male,1,"Sutton, Mr. Frederick",61.0,Mr,Sutton,Frederick,0,0,32.3208,0,D,D50,S
592,0,male,1,"Newell, Mr. Arthur Webster",58.0,Mr,Newell,Arthur Webster,0,2,113.275,2,D,D48,C
593,0,male,3,"Palsson, Master. Gosta Leonard",2.0,Master,Palsson,Gosta Leonard,3,1,21.075,4,G,,S
594,0,male,3,"Andersson, Master. Sigvard Harald Elias",4.0,Master,Andersson,Sigvard Harald Elias,4,2,31.275,6,G,,S
595,0,male,3,"Asplund, Master. Clarence Gustaf Hugo",9.0,Master,Asplund,Clarence Gustaf Hugo,4,2,31.3875,6,G,,S
596,0,male,3,"Panula, Master. Juha Niilo",7.0,Master,Panula,Juha Niilo,4,1,39.6875,5,G,,S
597,0,male,3,"Panula, Master. Eino Viljami",1.0,Master,Panula,Eino Viljami,4,1,39.6875,5,G,,S
598,0,male,3,"Panula, Master. Urho Abraham",2.0,Master,Panula,Urho Abraham,4,1,39.6875,5,G,,S
599,0,male,3,"Goodwin, Master. William Frederick",11.0,Master,Goodwin,William Frederick,5,2,46.9,7,G,,S
600,0,male,3,"Goodwin, Master. Sidney Leonard",1.0,Master,Goodwin,Sidney Leonard,5,2,46.9,7,G,,S
601,0,male,3,"Goodwin, Master. Harold Victor",9.0,Master,Goodwin,Harold Victor,5,2,46.9,7,G,,S
602,0,male,3,"Skoog, Master. Harald",4.0,Master,Skoog,Harald,3,2,27.9,5,G,,S
603,0,male,3,"Skoog, Master. Karl Thorsten",10.0,Master,Skoog,Karl Thorsten,3,2,27.9,5,G,,S
604,0,male,3,"Sage, Master. Thomas Henry",-10.0,Master,Sage,Thomas Henry,8,2,69.55,10,G,,S
605,0,male,3,"Rice, Master. Eugene",2.0,Master,Rice,Eugene,4,1,29.125,5,E,,Q
606,0,male,3,"Rice, Master. Arthur",4.0,Master,Rice,Arthur,4,1,29.125,5,E,,Q
607,0,male,3,"Rice, Master. Eric",7.0,Master,Rice,Eric,4,1,29.125,5,E,,Q
608,0,male,3,"Rice, Master. George Hugh",8.0,Master,Rice,George Hugh,4,1,29.125,5,E,,Q
609,0,male,3,"Lefebre, Master. Henry Forbes",6.0,Master,Lefebre,Henry Forbes,3,1,25.4667,4,D,,S
610,1,female,3,"Johnson, Mrs. Oscar W (Elisabeth Vilhelmina Berg)",27.0,Mrs,Johnson,Oscar W (Elisabeth Vilhelmina Berg),0,2,11.1333,2,G,,S
611,1,female,3,"Sandstrom, Mrs. Hjalmar (Agnes Charlotta Bengtsson)",24.0,Mrs,Sandstrom,Hjalmar (Agnes Charlotta Bengtsson),0,2,16.7,2,G,G6,S
612,1,female,3,"de Messemaeker, Mrs. Guillaume Joseph (Emma)",36.0,Mrs,de Messemaeker,Guillaume Joseph (Emma),1,0,17.4,1,G,,S
613,1,female,3,"Masselmani, Mrs. Fatima",28.0,Mrs,Masselmani,Fatima,0,0,7.225,0,G,,C
614,1,female,3,"Touma, Mrs. Darwis (Hanne Youssef Razi)",29.0,Mrs,Touma,Darwis (Hanne Youssef Razi),0,2,15.2458,2,G,,C
615,1,female,3,"Turkula, Mrs. (Hedwig)",63.0,Mrs,Turkula,(Hedwig),0,0,9.5875,0,G,,S
616,1,female,3,"Davison, Mrs. Thomas Henry (Mary E Finck)",27.0,Mrs,Davison,Thomas Henry (Mary E Finck),1,0,16.1,1,G,,S
617,1,female,3,"Thorneycroft, Mrs. Percival (Florence Kate White)",27.0,Mrs,Thorneycroft,Percival (Florence Kate White),1,0,16.1,1,G,,S
618,1,female,3,"Baclini, Mrs. Solomon (Latifa Qurban)",24.0,Mrs,Baclini,Solomon (Latifa Qurban),0,3,19.2583,3,G,,C
619,1,female,3,"Abbott, Mrs. Stanton (Rosa Hunt)",35.0,Mrs,Abbott,Stanton (Rosa Hunt),1,1,20.25,2,G,,S
620,1,female,3,"Osman, Mrs. Mara",31.0,Mrs,Osman,Mara,0,0,8.6833,0,G,,S
621,1,female,3,"Yasbeck, Mrs. Antoni (Selini Alexander)",15.0,Mrs,Yasbeck,Antoni (Selini Alexander),1,0,14.4542,1,G,,C
622,1,female,3,"Moussa, Mrs. (Mantoura Boulos)",30.0,Mrs,Moussa,(Mantoura Boulos),0,0,7.2292,0,A,,C
623,1,female,3,"Asplund, Mrs. Carl Oscar (Selma Augusta Emilia Johansson)",38.0,Mrs,Asplund,Carl Oscar (Selma Augusta Emilia Johansson),1,5,31.3875,6,A,,S
624,1,female,3,"Aks, Mrs. Sam (Leah Rosen)",18.0,Mrs,Aks,Sam (Leah Rosen),0,1,9.35,1,A,,S
625,1,female,3,"Moor, Mrs. (Beila)",27.0,Mrs,Moor,(Beila),0,1,12.475,1,E,E121,S
626,1,female,3,"Backstrom, Mrs. Karl Alfred (Maria Mathilda Gustafsson)",33.0,Mrs,Backstrom,Karl Alfred (Maria Mathilda Gustafsson),3,0,15.85,3,F,,S
627,1,female,3,"Hakkarainen, Mrs. Pekka Pietari (Elin Matilda Dolck)",24.0,Mrs,Hakkarainen,Pekka Pietari (Elin Matilda Dolck),1,0,15.85,1,F,,S
628,1,female,3,"Peter, Mrs. Catherine (Catherine Rizk)",29.0,Mrs,Peter,Catherine (Catherine Rizk),0,2,22.3583,2,F,,C
629,1,female,3,"Goldsmith, Mrs. Frank John (Emily Alice Brown)",31.0,Mrs,Goldsmith,Frank John (Emily Alice Brown),1,1,20.525,2,F,,S
630,1,female,3,"O'Brien, Mrs. Thomas (Johanna ""Hannah"" Godfrey)",33.0,Mrs,O'Brien,"Thomas (Johanna ""Hannah"" Godfrey)",1,0,15.5,1,B,,Q
631,1,male,3,"Johnson, Master. Harold Theodor",4.0,Master,Johnson,Harold Theodor,1,1,11.1333,2,G,,S
632,1,male,3,"Nicola-Yarred, Master. Elias",12.0,Master,Nicola-Yarred,Elias,1,0,11.2417,1,G,,C
633,1,male,3,"Moubarek, Master. Gerios",1.0,Master,Moubarek,Gerios,1,1,15.2458,2,G,,C
634,1,male,3,"Moubarek, Master. Halim Gonios (""William George"")",1.0,Master,Moubarek,"Halim Gonios (""William George"")",1,1,15.2458,2,G,,C
635,1,male,3,"Coutts, Master. William Loch ""William""",3.0,Master,Coutts,"William Loch ""William""",1,1,15.9,2,G,,S
636,1,male,3,"Coutts, Master. Eden Leslie ""Neville""",9.0,Master,Coutts,"Eden Leslie ""Neville""",1,1,15.9,2,G,,S
637,1,male,3,"Asplund, Master. Edvin Rojj Felix",3.0,Master,Asplund,Edvin Rojj Felix,4,2,31.3875,6,A,,S
638,1,male,3,"Dean, Master. Bertram Vere",1.0,Master,Dean,Bertram Vere,1,2,20.575,3,A,,S
639,1,male,3,"Thomas, Master. Assad Alexander",0.42,Master,Thomas,Assad Alexander,0,1,8.5167,1,A,,C
640,1,male,3,"Moor, Master. Meier",6.0,Master,Moor,Meier,0,1,12.475,1,E,E121,S
641,1,male,3,"Goldsmith, Master. Frank John William ""Frankie""",9.0,Master,Goldsmith,"Frank John William ""Frankie""",0,2,20.525,2,F,,S
642,1,female,2,"Nasser, Mrs. Nicholas (Adele Achem)",14.0,Mrs,Nasser,Nicholas (Adele Achem),1,0,30.0708,1,G,,C
643,1,female,2,"Watt, Mrs. James (Elizabeth ""Bessie"" Inglis Milne)",40.0,Mrs,Watt,"James (Elizabeth ""Bessie"" Inglis Milne)",0,0,15.75,0,G,,S
644,1,female,2,"Trout, Mrs. William H (Jessie L)",28.0,Mrs,Trout,William H (Jessie L),0,0,12.65,0,G,,S
645,1,female,2,"West, Mrs. Edwy Arthur (Ada Mary Worth)",33.0,Mrs,West,Edwy Arthur (Ada Mary Worth),1,2,27.75,3,G,,S
646,1,female,2,"Caldwell, Mrs. Albert Francis (Sylvia Mae Harbaugh)",22.0,Mrs,Caldwell,Albert Francis (Sylvia Mae Harbaugh),1,1,29.0,2,G,,S
647,1,female,2,"Doling, Mrs. John T (Ada Julia Bone)",34.0,Mrs,Doling,John T (Ada Julia Bone),0,1,23.0,1,G,,S
648,1,female,2,"Hocking, Mrs. Elizabeth (Eliza Needs)",54.0,Mrs,Hocking,Elizabeth (Eliza Needs),1,3,23.0,4,G,,S
649,1,female,2,"Renouf, Mrs. Peter Henry (Lillian Jefferys)",30.0,Mrs,Renouf,Peter Henry (Lillian Jefferys),3,0,21.0,3,G,,S
650,1,female,2,"Hamalainen, Mrs. William (Anna)",24.0,Mrs,Hamalainen,William (Anna),0,2,14.5,2,G,,S
651,1,female,2,"Kelly, Mrs. Florence ""Fannie""",45.0,Mrs,Kelly,"Florence ""Fannie""",0,0,13.5,0,G,,S
652,1,female,2,"Richards, Mrs. Sidney (Emily Hocking)",24.0,Mrs,Richards,Sidney (Emily Hocking),2,3,18.75,5,G,,S
653,1,female,2,"Jacobsohn, Mrs. Sidney Samuel (Amy Frances Christy)",24.0,Mrs,Jacobsohn,Sidney Samuel (Amy Frances Christy),2,1,27.0,3,G,,S
654,1,female,2,"Herman, Mrs. Samuel (Jane Laver)",48.0,Mrs,Herman,Samuel (Jane Laver),1,2,65.0,3,G,,S
655,1,female,2,"Abelson, Mrs. Samuel (Hannah Wizosky)",28.0,Mrs,Abelson,Samuel (Hannah Wizosky),1,0,24.0,1,G,,C
656,1,female,2,"Hewlett, Mrs. (Mary D Kingcome) ",55.0,Mrs,Hewlett,(Mary D Kingcome) ,0,0,16.0,0,A,,S
657,1,female,2,"Laroche, Mrs. Joseph (Juliette Marie Louise Lafargue)",22.0,Mrs,Laroche,Joseph (Juliette Marie Louise Lafargue),1,2,41.5792,3,A,,C
658,1,female,2,"Hart, Mrs. Benjamin (Esther Ada Bloomfield)",45.0,Mrs,Hart,Benjamin (Esther Ada Bloomfield),1,1,26.25,2,A,,S
659,1,female,2,"Collyer, Mrs. Harvey (Charlotte Annie Tate)",31.0,Mrs,Collyer,Harvey (Charlotte Annie Tate),1,1,26.25,2,A,,S
660,1,female,2,"Mellinger, Mrs. (Elizabeth Anne Maidment)",41.0,Mrs,Mellinger,(Elizabeth Anne Maidment),0,1,19.5,1,A,,S
661,1,female,2,"Drew, Mrs. James Vivian (Lulu Thorne Christian)",34.0,Mrs,Drew,James Vivian (Lulu Thorne Christian),1,1,32.5,2,A,,S
662,1,female,2,"Pinsky, Mrs. (Rosa)",32.0,Mrs,Pinsky,(Rosa),0,0,13.0,0,D,,S
663,1,female,2,"Ball, Mrs. (Ada E Hall)",36.0,Mrs,Ball,(Ada E Hall),0,0,13.0,0,D,D,S
664,1,female,2,"Bystrom, Mrs. (Karolina)",42.0,Mrs,Bystrom,(Karolina),0,0,13.0,0,D,,S
665,1,female,2,"Jerwan, Mrs. Amin S (Marie Marthe Thuillard)",23.0,Mrs,Jerwan,Amin S (Marie Marthe Thuillard),0,0,13.7917,0,D,D,C
666,1,female,2,"Faunthorpe, Mrs. Lizzie (Elizabeth Anne Wilkinson)",29.0,Mrs,Faunthorpe,Lizzie (Elizabeth Anne Wilkinson),1,0,26.0,1,F,,S
667,1,female,2,"Weisz, Mrs. Leopold (Mathilde Francoise Pede)",29.0,Mrs,Weisz,Leopold (Mathilde Francoise Pede),1,0,26.0,1,F,,S
668,1,female,2,"Kantor, Mrs. Sinai (Miriam Sternin)",24.0,Mrs,Kantor,Sinai (Miriam Sternin),1,0,26.0,1,F,,S
669,1,female,2,"Clarke, Mrs. Charles V (Ada Maria Winfield)",28.0,Mrs,Clarke,Charles V (Ada Maria Winfield),1,0,26.0,1,F,,S
670,1,female,2,"Louch, Mrs. Charles Alexander (Alice Adelaide Slow)",42.0,Mrs,Louch,Charles Alexander (Alice Adelaide Slow),1,0,26.0,1,F,,S
671,1,female,2,"Angle, Mrs. William A (Florence ""Mary"" Agnes Hughes)",36.0,Mrs,Angle,"William A (Florence ""Mary"" Agnes Hughes)",1,0,26.0,1,F,,S
672,1,female,2,"Beane, Mrs. Edward (Ethel Clarke)",19.0,Mrs,Beane,Edward (Ethel Clarke),1,0,26.0,1,F,,S
673,1,female,2,"Parrish, Mrs. (Lutie Davis)",50.0,Mrs,Parrish,(Lutie Davis),0,1,26.0,1,F,,S
674,1,female,2,"Shelley, Mrs. William (Imanita Parrish Hall)",25.0,Mrs,Shelley,William (Imanita Parrish Hall),0,1,26.0,1,F,,S
675,1,female,2,"Quick, Mrs. Frederick Charles (Jane Richards)",33.0,Mrs,Quick,Frederick Charles (Jane Richards),0,2,26.0,2,F,,S
676,1,female,2,"Nye, Mrs. (Elizabeth Ramell)",29.0,Mrs,Nye,(Elizabeth Ramell),0,0,10.5,0,F,F33,S
677,1,female,2,"Lemore, Mrs. (Amelia Milley)",34.0,Mrs,Lemore,(Amelia Milley),0,0,10.5,0,F,F33,S
678,1,female,2,"Brown, Mrs. Thomas William Solomon (Elizabeth Catherine Ford)",40.0,Mrs,Brown,Thomas William Solomon (Elizabeth Catherine Ford),1,1,39.0,2,F,,S
679,1,female,1,"Bonnell, Miss. Elizabeth",58.0,Miss,Bonnell,Elizabeth,0,0,26.55,0,C,C103,S
680,1,female,1,"Fortune, Miss. Mabel Helen",23.0,Miss,Fortune,Mabel Helen,3,2,263.0,5,C,C23 C25 C27,S
681,1,female,1,"Fortune, Miss. Alice Elizabeth",24.0,Miss,Fortune,Alice Elizabeth,3,2,263.0,5,C,C23 C25 C27,S
682,1,female,1,"Shutes, Miss. Elizabeth W",40.0,Miss,Shutes,Elizabeth W,0,0,153.4625,0,C,C125,S
683,1,female,1,"Bissette, Miss. Amelia",35.0,Miss,Bissette,Amelia,0,0,135.6333,0,C,C99,S
684,1,female,1,"Young, Miss. Marie Grice",36.0,Miss,Young,Marie Grice,0,0,135.6333,0,C,C32,C
685,1,female,1,"Barber, Miss. Ellen ""Nellie""",26.0,Miss,Barber,"Ellen ""Nellie""",0,0,78.85,0,C,,S
686,1,female,1,"Cleaver, Miss. Alice",22.0,Miss,Cleaver,Alice,0,0,151.55,0,C,,S
687,1,female,1,"Fleming, Miss. Margaret",28.0,Miss,Fleming,Margaret,0,0,110.8833,0,C,,C
688,1,female,1,"Hays, Miss. Margaret Bechstein",24.0,Miss,Hays,Margaret Bechstein,0,0,83.1583,0,C,C54,C
689,1,female,1,"Wick, Miss. Mary Natalie",31.0,Miss,Wick,Mary Natalie,0,2,164.8667,2,C,C7,S
690,1,female,1,"Bidois, Miss. Rosalie",42.0,Miss,Bidois,Rosalie,0,0,227.525,0,C,,C
691,1,female,1,"Endres, Miss. Caroline Louise",38.0,Miss,Endres,Caroline Louise,0,0,227.525,0,C,C45,C
692,1,female,1,"Minahan, Miss. Daisy E",33.0,Miss,Minahan,Daisy E,1,0,90.0,1,C,C78,Q
693,1,female,1,"Mayne, Mlle. Berthe Antonine (""Mrs de Villiers"")",24.0,Miss,Mayne,"Berthe Antonine (""Mrs de Villiers"")",0,0,49.5042,0,C,C90,C
694,1,female,1,"Lurette, Miss. Elise",58.0,Miss,Lurette,Elise,0,0,146.5208,0,B,B80,C
695,1,female,1,"Icard, Miss. Amelie",38.0,Miss,Icard,Amelie,0,0,80.0,0,B,B28,
696,1,female,1,"Cherry, Miss. Gladys",30.0,Miss,Cherry,Gladys,0,0,86.5,0,B,B77,S
697,1,female,1,"Maioni, Miss. Roberta",16.0,Miss,Maioni,Roberta,0,0,86.5,0,B,B79,S
698,1,female,1,"Ward, Miss. Anna",35.0,Miss,Ward,Anna,0,0,512.3292,0,B,,C
699,1,female,1,"Graham, Miss. Margaret Edith",19.0,Miss,Graham,Margaret Edith,0,0,30.0,0,B,B42,S
700,1,female,1,"Ryerson, Miss. Emily Borie",18.0,Miss,Ryerson,Emily Borie,2,2,262.375,4,B,B57 B59 B63 B66,C
701,1,female,1,"Ryerson, Miss. Susan Parker ""Suzette""",21.0,Miss,Ryerson,"Susan Parker ""Suzette""",2,2,262.375,4,B,B57 B59 B63 B66,C
702,1,female,1,"Hippach, Miss. Jean Gertrude",16.0,Miss,Hippach,Jean Gertrude,0,1,57.9792,1,B,B18,C
703,1,female,1,"Sagesser, Mlle. Emma",24.0,Miss,Sagesser,Emma,0,0,69.3,0,B,B35,C
704,1,female,1,"Carter, Miss. Lucile Polk",14.0,Miss,Carter,Lucile Polk,1,2,120.0,3,B,B96 B98,S
705,1,female,1,"Perreault, Miss. Anne",30.0,Miss,Perreault,Anne,0,0,93.5,0,B,B73,S
706,1,female,1,"Frolicher, Miss. Hedwig Margaritha",22.0,Miss,Frolicher,Hedwig Margaritha,0,2,49.5,2,B,B39,C
707,1,female,1,"Crosby, Miss. Harriet R",36.0,Miss,Crosby,Harriet R,0,2,71.0,2,B,B22,S
708,1,female,1,"Madill, Miss. Georgette Alexandra",15.0,Miss,Madill,Georgette Alexandra,0,1,211.3375,1,B,B5,S
709,1,female,1,"Allen, Miss. Elisabeth Walton",29.0,Miss,Allen,Elisabeth Walton,0,0,211.3375,0,B,B5,S
710,1,female,1,"Newsom, Miss. Helen Monypeny",19.0,Miss,Newsom,Helen Monypeny,0,2,26.2833,2,D,D47,S
711,1,female,1,"Newell, Miss. Madeleine",31.0,Miss,Newell,Madeleine,1,0,113.275,1,D,D36,C
712,1,female,1,"Newell, Miss. Marjorie",23.0,Miss,Newell,Marjorie,1,0,113.275,1,D,D36,C
713,1,female,1,"Bazzani, Miss. Albina",32.0,Miss,Bazzani,Albina,0,0,76.2917,0,D,D15,C
714,1,female,1,"Andrews, Miss. Kornelia Theodosia",63.0,Miss,Andrews,Kornelia Theodosia,1,0,77.9583,1,D,D7,S
715,1,female,1,"Longley, Miss. Gretchen Fiske",21.0,Miss,Longley,Gretchen Fiske,0,0,77.9583,0,D,D9,S
716,1,female,1,"Eustis, Miss. Elizabeth Mussey",54.0,Miss,Eustis,Elizabeth Mussey,1,0,78.2667,1,D,D20,C
717,1,female,1,"Lines, Miss. Mary Conover",16.0,Miss,Lines,Mary Conover,0,1,39.4,1,D,D28,S
718,1,female,1,"Bowerman, Miss. Elsie Edith",22.0,Miss,Bowerman,Elsie Edith,0,1,55.0,1,E,E33,S
719,1,female,1,"Francatelli, Miss. Laura Mabel",30.0,Miss,Francatelli,Laura Mabel,0,0,56.9292,0,E,E36,C
720,1,female,1,"Compton, Miss. Sara Rebecca",39.0,Miss,Compton,Sara Rebecca,1,1,83.1583,2,E,E49,C
721,1,female,1,"Burns, Miss. Elizabeth Margaret",41.0,Miss,Burns,Elizabeth Margaret,0,0,134.5,0,E,E40,C
722,1,female,1,"Taussig, Miss. Ruth",18.0,Miss,Taussig,Ruth,0,2,79.65,2,E,E68,S
723,1,female,1,"Serepeca, Miss. Augusta",30.0,Miss,Serepeca,Augusta,0,0,31.0,0,A,,C
724,1,female,1,"Duff Gordon, Lady. (Lucille Christiana Sutherland) (""Mrs Morgan"")",48.0,Miss,Duff Gordon,"(Lucille Christiana Sutherland) (""Mrs Morgan"")",1,0,39.6,1,A,A16,C
725,1,female,1,"LeRoy, Miss. Bertha",30.0,Miss,LeRoy,Bertha,0,0,106.425,0,G,,C
726,1,male,2,"Williams, Mr. Charles Eugene",35.0,Mr,Williams,Charles Eugene,0,0,13.0,0,D,,S
727,1,male,2,"Beesley, Mr. Lawrence",34.0,Mr,Beesley,Lawrence,0,0,13.0,0,D,D56,S
728,1,male,2,"Hosono, Mr. Masabumi",42.0,Mr,Hosono,Masabumi,0,0,13.0,0,D,,S
729,1,male,2,"Wilhelms, Mr. Charles",31.0,Mr,Wilhelms,Charles,0,0,13.0,0,D,,S
730,1,male,2,"Beane, Mr. Edward",32.0,Mr,Beane,Edward,1,0,26.0,1,F,,S
731,1,male,2,"Mellors, Mr. William John",19.0,Mr,Mellors,William John,0,0,10.5,0,F,,S
732,1,male,2,"Harris, Mr. George",62.0,Mr,Harris,George,0,0,10.5,0,F,,S
733,1,male,2,"Padro y Manent, Mr. Julian",31.0,Mr,Padro y Manent,Julian,0,0,13.8625,0,B,,C
734,1,female,2,"Webber, Miss. Susan",32.5,Miss,Webber,Susan,0,0,13.0,0,E,E101,S
735,1,female,2,"Troutt, Miss. Edwina Celia ""Winnie""",27.0,Miss,Troutt,"Edwina Celia ""Winnie""",0,0,10.5,0,E,E101,S
736,1,female,2,"Keane, Miss. Nora A",29.0,Miss,Keane,Nora A,0,0,12.35,0,E,E101,Q
737,1,female,2,"Slayter, Miss. Hilda Mary",30.0,Miss,Slayter,Hilda Mary,0,0,12.35,0,E,,Q
738,1,female,2,"Brown, Miss. Amelia ""Mildred""",24.0,Miss,Brown,"Amelia ""Mildred""",0,0,13.0,0,F,F33,S
739,1,female,2,"Phillips, Miss. Kate Florence (""Mrs Kate Louise Phillips Marshall"")",19.0,Miss,Phillips,"Kate Florence (""Mrs Kate Louise Phillips Marshall"")",0,0,26.0,0,F,,S
740,1,female,2,"Quick, Miss. Phyllis May",2.0,Miss,Quick,Phyllis May,1,1,26.0,2,F,,S
741,1,female,2,"Rugg, Miss. Emily",21.0,Miss,Rugg,Emily,0,0,10.5,0,F,,S
742,1,female,2,"Ilett, Miss. Bertha",17.0,Miss,Ilett,Bertha,0,0,10.5,0,F,,S
743,1,female,2,"Toomey, Miss. Ellen",50.0,Miss,Toomey,Ellen,0,0,10.5,0,F,,S
744,1,female,2,"Ridsdale, Miss. Lucy",50.0,Miss,Ridsdale,Lucy,0,0,10.5,0,F,,S
745,1,female,2,"Becker, Miss. Marion Louise",4.0,Miss,Becker,Marion Louise,2,1,39.0,3,F,F4,S
746,1,female,2,"Smith, Miss. Marion Elsie",40.0,Miss,Smith,Marion Elsie,0,0,13.0,0,D,,S
747,1,female,2,"Buss, Miss. Kate",36.0,Miss,Buss,Kate,0,0,13.0,0,D,,S
748,1,female,2,"Garside, Miss. Ethel",34.0,Miss,Garside,Ethel,0,0,13.0,0,D,,S
749,1,female,2,"Davis, Miss. Mary",28.0,Miss,Davis,Mary,0,0,13.0,0,D,,S
750,1,female,2,"Sinkkonen, Miss. Anna",30.0,Miss,Sinkkonen,Anna,0,0,13.0,0,D,,S
751,1,female,2,"Silven, Miss. Lyyli Karoliina",18.0,Miss,Silven,Lyyli Karoliina,0,2,13.0,2,D,,S
752,1,female,2,"Laroche, Miss. Simonne Marie Anne Andree",3.0,Miss,Laroche,Simonne Marie Anne Andree,1,2,41.5792,3,A,,C
753,1,female,2,"Collyer, Miss. Marjorie ""Lottie""",8.0,Miss,Collyer,"Marjorie ""Lottie""",0,2,26.25,2,A,,S
754,1,female,2,"Hart, Miss. Eva Miriam",7.0,Miss,Hart,Eva Miriam,0,2,26.25,2,A,,S
755,1,female,2,"Mellinger, Miss. Madeleine Violet",13.0,Miss,Mellinger,Madeleine Violet,0,1,19.5,1,A,,S
756,1,female,2,"Lehmann, Miss. Bertha",17.0,Miss,Lehmann,Bertha,0,0,12.0,0,A,,C
757,1,female,2,"West, Miss. Constance Mirium",5.0,Miss,West,Constance Mirium,1,2,27.75,3,G,,S
758,1,female,2,"Doling, Miss. Elsie",18.0,Miss,Doling,Elsie,0,1,23.0,1,G,,S
759,1,female,2,"Wells, Miss. Joan",4.0,Miss,Wells,Joan,1,1,23.0,2,G,,S
760,1,female,2,"Cameron, Miss. Clear Annie",35.0,Miss,Cameron,Clear Annie,0,0,21.0,0,G,,S
761,1,female,2,"Duran y More, Miss. Asuncion",27.0,Miss,Duran y More,Asuncion,1,0,13.8583,1,G,,C
762,1,female,2,"Christy, Miss. Julie Rachel",25.0,Miss,Christy,Julie Rachel,1,1,30.0,2,G,,S
763,1,female,2,"Leitch, Miss. Jessie Wills",22.0,Miss,Leitch,Jessie Wills,0,0,33.0,0,G,,S
764,1,female,2,"Harper, Miss. Annie Jessie ""Nina""",6.0,Miss,Harper,"Annie Jessie ""Nina""",0,1,33.0,1,G,,S
765,1,female,2,"Herman, Miss. Alice",24.0,Miss,Herman,Alice,1,2,65.0,3,G,,S
766,1,female,2,"Reynaldo, Ms. Encarnacion",28.0,Ms,Reynaldo,Encarnacion,0,0,13.0,0,D,,S
767,0,male,2,"Fynney, Mr. Joseph J",35.0,Mr,Fynney,Joseph J,0,0,26.0,0,F,,S
768,0,male,2,"McKane, Mr. Peter David",46.0,Mr,McKane,Peter David,0,0,26.0,0,F,,S
769,0,male,2,"Sharp, Mr. Percival James R",27.0,Mr,Sharp,Percival James R,0,0,26.0,0,F,,S
770,0,male,2,"Downton, Mr. William James",54.0,Mr,Downton,William James,0,0,26.0,0,F,,S
771,0,male,2,"Morley, Mr. Henry Samuel (""Mr Henry Marshall"")",39.0,Mr,Morley,"Henry Samuel (""Mr Henry Marshall"")",0,0,26.0,0,F,,S
772,0,male,2,"Gaskell, Mr. Alfred",16.0,Mr,Gaskell,Alfred,0,0,26.0,0,F,,S
773,0,male,2,"Navratil, Mr. Michel (""Louis M Hoffman"")",36.5,Mr,Navratil,"Michel (""Louis M Hoffman"")",0,2,26.0,2,F,F2,S
774,0,male,2,"Kantor, Mr. Sinai",34.0,Mr,Kantor,Sinai,1,0,26.0,1,F,,S
775,0,male,2,"Hold, Mr. Stephen",44.0,Mr,Hold,Stephen,1,0,26.0,1,F,,S
776,0,male,2,"Chapman, Mr. John Henry",37.0,Mr,Chapman,John Henry,1,0,26.0,1,F,,S
777,0,male,2,"Bryhl, Mr. Kurt Arnold Gottfrid",25.0,Mr,Bryhl,Kurt Arnold Gottfrid,1,0,26.0,1,F,,S
778,0,male,2,"Hart, Mr. Benjamin",43.0,Mr,Hart,Benjamin,1,1,26.25,2,G,,S
779,0,male,2,"Collyer, Mr. Harvey",31.0,Mr,Collyer,Harvey,1,1,26.25,2,G,,S
780,0,male,2,"Nasser, Mr. Nicholas",32.5,Mr,Nasser,Nicholas,1,0,30.0708,1,G,,C
781,0,male,2,"Sobey, Mr. Samuel James Hayden",25.0,Mr,Sobey,Samuel James Hayden,0,0,13.0,0,G,,S
782,0,male,2,"Hale, Mr. Reginald",30.0,Mr,Hale,Reginald,0,0,13.0,0,G,,S
783,0,male,2,"Carbines, Mr. William",19.0,Mr,Carbines,William,0,0,13.0,0,G,,S
784,0,male,2,"Givard, Mr. Hans Kristensen",30.0,Mr,Givard,Hans Kristensen,0,0,13.0,0,G,,S
785,0,male,2,"Bracken, Mr. James H",27.0,Mr,Bracken,James H,0,0,13.0,0,G,,S
786,0,male,2,"Fahlstrom, Mr. Arne Jonas",18.0,Mr,Fahlstrom,Arne Jonas,0,0,13.0,0,G,,S
787,0,male,2,"Collander, Mr. Erik Gustaf",28.0,Mr,Collander,Erik Gustaf,0,0,13.0,0,G,,S
788,0,male,2,"Sedgwick, Mr. Charles Frederick Waddington",25.0,Mr,Sedgwick,Charles Frederick Waddington,0,0,13.0,0,G,,S
789,0,male,2,"Fox, Mr. Stanley Hubert",36.0,Mr,Fox,Stanley Hubert,0,0,13.0,0,G,,S
790,0,male,2,"Matthews, Mr. William John",30.0,Mr,Matthews,William John,0,0,13.0,0,G,,S
791,0,male,2,"Milling, Mr. Jacob Christian",48.0,Mr,Milling,Jacob Christian,0,0,13.0,0,G,,S
792,0,male,2,"Eitemiller, Mr. George Floyd",23.0,Mr,Eitemiller,George Floyd,0,0,13.0,0,G,,S
793,0,male,2,"Butler, Mr. Reginald Fenton",25.0,Mr,Butler,Reginald Fenton,0,0,13.0,0,G,,S
794,0,male,2,"Greenberg, Mr. Samuel",52.0,Mr,Greenberg,Samuel,0,0,13.0,0,G,,S
795,0,male,2,"Gillespie, Mr. William Henry",34.0,Mr,Gillespie,William Henry,0,0,13.0,0,G,,S
796,0,male,2,"Hodges, Mr. Henry Price",50.0,Mr,Hodges,Henry Price,0,0,13.0,0,G,,S
797,0,male,2,"Berriman, Mr. William John",23.0,Mr,Berriman,William John,0,0,13.0,0,G,,S
798,0,male,2,"Troupiansky, Mr. Moses Aaron",23.0,Mr,Troupiansky,Moses Aaron,0,0,13.0,0,G,,S
799,0,male,2,"Otter, Mr. Richard",39.0,Mr,Otter,Richard,0,0,13.0,0,G,,S
800,0,male,2,"Ponesell, Mr. Martin",34.0,Mr,Ponesell,Martin,0,0,13.0,0,G,,S
801,0,male,2,"Meyer, Mr. August",39.0,Mr,Meyer,August,0,0,13.0,0,G,,S
802,0,male,2,"Gill, Mr. John William",24.0,Mr,Gill,John William,0,0,13.0,0,G,,S
803,0,male,2,"Richard, Mr. Emile",23.0,Mr,Richard,Emile,0,0,15.0458,0,G,,C
804,0,male,2,"Andrew, Mr. Edgardo Samuel",18.0,Mr,Andrew,Edgardo Samuel,0,0,11.5,0,G,,S
805,0,male,2,"Bailey, Mr. Percy Andrew",18.0,Mr,Bailey,Percy Andrew,0,0,11.5,0,G,,S
806,0,male,2,"Hocking, Mr. Richard George",23.0,Mr,Hocking,Richard George,2,1,11.5,3,G,,S
807,0,male,2,"Giles, Mr. Frederick Edward",21.0,Mr,Giles,Frederick Edward,1,0,11.5,1,G,,S
808,0,male,2,"Hunt, Mr. George Henry",33.0,Mr,Hunt,George Henry,0,0,12.275,0,G,,S
809,0,male,2,"Jacobsohn, Mr. Sidney Samuel",42.0,Mr,Jacobsohn,Sidney Samuel,1,0,27.0,1,G,,S
810,0,male,2,"Sjostedt, Mr. Ernst Adolf",59.0,Mr,Sjostedt,Ernst Adolf,0,0,13.5,0,G,,S
811,0,male,2,"Norman, Mr. Robert Douglas",28.0,Mr,Norman,Robert Douglas,0,0,13.5,0,G,,S
812,0,male,2,"Chapman, Mr. Charles Henry",52.0,Mr,Chapman,Charles Henry,0,0,13.5,0,G,,S
813,0,male,2,"Parkes, Mr. Francis ""Frank""",36.0,Mr,Parkes,"Francis ""Frank""",0,0,0.0,0,G,,S
814,0,male,2,"Cunningham, Mr. Alfred Fleming",36.0,Mr,Cunningham,Alfred Fleming,0,0,0.0,0,G,,S
815,0,male,2,"Campbell, Mr. William",36.0,Mr,Campbell,William,0,0,0.0,0,G,,S
816,0,male,2,"Frost, Mr. Anthony Wood ""Archie""",36.0,Mr,Frost,"Anthony Wood ""Archie""",0,0,0.0,0,G,,S
817,0,male,2,"Watson, Mr. Ennis Hastings",36.0,Mr,Watson,Ennis Hastings,0,0,0.0,0,G,,S
818,0,male,2,"Knight, Mr. Robert J",36.0,Mr,Knight,Robert J,0,0,0.0,0,G,,S
819,0,male,2,"Abelson, Mr. Samuel",30.0,Mr,Abelson,Samuel,1,0,24.0,1,G,,C
820,0,male,2,"del Carlo, Mr. Sebastiano",29.0,Mr,del Carlo,Sebastiano,1,0,27.7208,1,G,,C
821,0,male,2,"West, Mr. Edwy Arthur",36.0,Mr,West,Edwy Arthur,1,2,27.75,3,G,,S
822,0,male,2,"Brown, Mr. Thomas William Solomon",60.0,Mr,Brown,Thomas William Solomon,1,1,39.0,2,G,,S
823,0,male,2,"Mallet, Mr. Albert",31.0,Mr,Mallet,Albert,1,1,37.0042,2,G,,C
824,0,male,2,"Wheadon, Mr. Edward H",66.0,Mr,Wheadon,Edward H,0,0,10.5,0,E,,S
825,0,male,2,"Jenkin, Mr. Stephen Curnow",32.0,Mr,Jenkin,Stephen Curnow,0,0,10.5,0,E,,S
826,0,male,2,"Harris, Mr. Walter",30.0,Mr,Harris,Walter,0,0,10.5,0,E,,S
827,0,male,2,"Leyson, Mr. Robert William Norman",24.0,Mr,Leyson,Robert William Norman,0,0,10.5,0,E,,S
828,0,male,2,"Pengelly, Mr. Frederick William",19.0,Mr,Pengelly,Frederick William,0,0,10.5,0,E,,S
829,0,male,2,"Coleridge, Mr. Reginald Charles",29.0,Mr,Coleridge,Reginald Charles,0,0,10.5,0,E,,S
830,0,male,2,"Reeves, Mr. David",36.0,Mr,Reeves,David,0,0,10.5,0,E,,S
831,0,male,2,"Kvillner, Mr. Johan Henrik Johannesson",31.0,Mr,Kvillner,Johan Henrik Johannesson,0,0,10.5,0,E,,S
832,0,male,2,"Gavey, Mr. Lawrence",26.0,Mr,Gavey,Lawrence,0,0,10.5,0,E,,S
833,0,male,2,"Mitchell, Mr. Henry Michael",70.0,Mr,Mitchell,Henry Michael,0,0,10.5,0,E,,S
834,0,male,2,"Slemen, Mr. Richard James",35.0,Mr,Slemen,Richard James,0,0,10.5,0,E,,S
835,0,male,2,"Mudd, Mr. Thomas Charles",16.0,Mr,Mudd,Thomas Charles,0,0,10.5,0,E,,S
836,0,male,2,"Banfield, Mr. Frederick James",28.0,Mr,Banfield,Frederick James,0,0,10.5,0,E,,S
837,0,male,2,"Laroche, Mr. Joseph Philippe Lemercier",25.0,Mr,Laroche,Joseph Philippe Lemercier,1,2,41.5792,3,E,,C
838,0,male,2,"Turpin, Mr. William John Robert",29.0,Mr,Turpin,William John Robert,1,0,21.0,1,C,,S
839,0,male,2,"Gale, Mr. Shadrach",34.0,Mr,Gale,Shadrach,1,0,21.0,1,C,,S
840,0,male,2,"Renouf, Mr. Peter Henry",34.0,Mr,Renouf,Peter Henry,1,0,21.0,1,C,,S
841,0,male,2,"Jarvis, Mr. John Denzil",47.0,Mr,Jarvis,John Denzil,0,0,15.0,0,C,,S
842,0,male,2,"Hood, Mr. Ambrose Jr",21.0,Mr,Hood,Ambrose Jr,0,0,73.5,0,A,,S
843,0,male,2,"Davies, Mr. Charles Henry",18.0,Mr,Davies,Charles Henry,0,0,73.5,0,A,,S
844,0,male,2,"Hickman, Mr. Stanley George",21.0,Mr,Hickman,Stanley George,2,0,73.5,2,A,,S
845,0,male,2,"Hickman, Mr. Leonard Mark",24.0,Mr,Hickman,Leonard Mark,2,0,73.5,2,A,,S
846,0,male,2,"Hickman, Mr. Lewis",32.0,Mr,Hickman,Lewis,2,0,73.5,2,A,,S
847,0,male,2,"Pernot, Mr. Rene",36.0,Mr,Pernot,Rene,0,0,15.05,0,A,,C
848,0,male,2,"Nicholls, Mr. Joseph Charles",19.0,Mr,Nicholls,Joseph Charles,1,1,36.75,2,B,,S
849,0,male,2,"Levy, Mr. Rene Jacques",36.0,Mr,Levy,Rene Jacques,0,0,12.875,0,D,D,C
850,0,male,2,"Carter, Rev. Ernest Courtenay",54.0,Rev,Carter,Ernest Courtenay,1,0,26.0,1,F,,S
851,0,male,2,"Byles, Rev. Thomas Roussel Davids",42.0,Rev,Byles,Thomas Roussel Davids,0,0,13.0,0,G,,S
852,0,male,2,"Montvila, Rev. Juozas",27.0,Rev,Montvila,Juozas,0,0,13.0,0,G,,S
853,0,male,2,"Kirkland, Rev. Charles Leonard",57.0,Rev,Kirkland,Charles Leonard,0,0,12.35,0,G,,Q
854,0,male,2,"Harper, Rev. John",28.0,Rev,Harper,John,0,1,33.0,1,G,,S
855,0,male,2,"Bateman, Rev. Robert James",51.0,Rev,Bateman,Robert James,0,0,12.525,0,A,,S
856,0,female,2,"Lahtinen, Mrs. William (Anna Sylfven)",26.0,Mrs,Lahtinen,William (Anna Sylfven),1,1,26.0,2,F,,S
857,0,female,2,"Carter, Mrs. Ernest Courtenay (Lilian Hughes)",44.0,Mrs,Carter,Ernest Courtenay (Lilian Hughes),1,0,26.0,1,F,,S
858,0,female,2,"Mack, Mrs. (Mary)",57.0,Mrs,Mack,(Mary),0,0,10.5,0,E,E77,S
859,0,female,2,"Turpin, Mrs. William John Robert (Dorothy Ann Wonnacott)",27.0,Mrs,Turpin,William John Robert (Dorothy Ann Wonnacott),1,0,21.0,1,C,,S
860,0,male,2,"Pain, Dr. Alfred",23.0,Dr,Pain,Alfred,0,0,10.5,0,E,,S
861,0,male,2,"Moraweck, Dr. Ernest",54.0,Dr,Moraweck,Ernest,0,0,14.0,0,G,,S
862,1,male,2,"Navratil, Master. Michel M",3.0,Master,Navratil,Michel M,1,1,26.0,2,F,F2,S
863,1,male,2,"Navratil, Master. Edmond Roger",2.0,Master,Navratil,Edmond Roger,1,1,26.0,2,F,F2,S
864,1,male,2,"Becker, Master. Richard F",1.0,Master,Becker,Richard F,2,1,39.0,3,F,F4,S
865,1,male,2,"Caldwell, Master. Alden Gates",0.83,Master,Caldwell,Alden Gates,0,2,29.0,2,G,,S
866,1,male,2,"Hamalainen, Master. Viljo",0.67,Master,Hamalainen,Viljo,1,1,14.5,2,G,,S
867,1,male,2,"Richards, Master. William Rowe",3.0,Master,Richards,William Rowe,1,1,18.75,2,G,,S
868,1,male,2,"Richards, Master. George Sibley",0.83,Master,Richards,George Sibley,1,1,18.75,2,G,,S
869,1,male,2,"Mallet, Master. Andre",1.0,Master,Mallet,Andre,0,2,37.0042,2,G,,C
870,1,male,2,"Davies, Master. John Morgan Jr",8.0,Master,Davies,John Morgan Jr,1,1,36.75,2,B,,S
871,0,female,2,"Yrois, Miss. Henriette (""Mrs Harbeck"")",24.0,Miss,Yrois,"Henriette (""Mrs Harbeck"")",0,0,13.0,0,G,,S
872,0,female,2,"Funk, Miss. Annie Clemmer",38.0,Miss,Funk,Annie Clemmer,0,0,13.0,0,G,,S
873,1,female,1,"Leader, Dr. Alice (Farnham)",49.0,Dr,Leader,Alice (Farnham),0,0,25.9292,0,D,D17,S
874,0,female,1,"Isham, Miss. Ann Elizabeth",50.0,Miss,Isham,Ann Elizabeth,0,0,28.7125,0,C,C49,C
875,0,female,1,"Allison, Miss. Helen Loraine",2.0,Miss,Allison,Helen Loraine,1,2,151.55,3,C,C22 C26,S
876,0,male,1,"Minahan, Dr. William Edward",44.0,Dr,Minahan,William Edward,2,0,90.0,2,C,C78,Q
877,0,male,1,"Brewe, Dr. Arthur Jackson",44.0,Dr,Brewe,Arthur Jackson,0,0,39.6,0,G,,C
878,0,male,1,"Butt, Major. Archibald Willingham",45.0,Major,Butt,Archibald Willingham,0,0,26.55,0,B,B38,S
879,0,male,1,"Weir, Col. John",60.0,Col,Weir,John,0,0,26.55,0,C,,S
880,1,female,1,"Rothes, the Countess. of (Lucy Noel Martha Dyer-Edwards)",33.0,the Countess,Rothes,of (Lucy Noel Martha Dyer-Edwards),0,0,86.5,0,B,B77,S
881,0,male,1,"Reuchlin, Jonkheer. John George",38.0,Jonkheer,Reuchlin,John George,0,0,0.0,0,B,,S
882,0,female,1,"Allison, Mrs. Hudson J C (Bessie Waldo Daniels)",25.0,Mrs,Allison,Hudson J C (Bessie Waldo Daniels),1,2,151.55,3,C,C22 C26,S
883,1,male,1,"Peuchen, Major. Arthur Godfrey",52.0,Major,Peuchen,Arthur Godfrey,0,0,30.5,0,C,C104,S
884,1,male,1,"Allison, Master. Hudson Trevor",0.92,Master,Allison,Hudson Trevor,1,2,151.55,3,C,C22 C26,S
885,1,male,1,"Carter, Master. William Thornton II",11.0,Master,Carter,William Thornton II,1,2,120.0,3,B,B96 B98,S
886,1,male,1,"Dodge, Master. Washington",4.0,Master,Dodge,Washington,0,2,81.8583,2,A,A34,S
887,1,male,1,"Frauenthal, Dr. Henry William",50.0,Dr,Frauenthal,Henry William,2,0,133.65,2,B,,S
888,1,male,1,"Stahelin-Maeglin, Dr. Max",32.0,Dr,Stahelin-Maeglin,Max,0,0,30.5,0,B,B50,C
889,1,male,1,"Simonius-Blumer, Col. Oberst Alfons",56.0,Col,Simonius-Blumer,Oberst Alfons,0,0,35.5,0,A,A26,C
890,0,male,1,"Crosby, Capt. Edward Gifford",70.0,Capt,Crosby,Edward Gifford,1,1,71.0,2,B,B22,S
